<metabolites>
    <creation_date>2005-11-16 15:48:42 UTC</creation_date>
<update_date>2020-04-23 20:52:57 UTC</update_date>
<accession>HMDB0000946</accession>
<name>Ursodeoxycholic acid</name>
<normal_concentrations>
    <concentration>
      <biospecimen>Blood</biospecimen>
      <concentration_value>0.16 +/- 0.03</concentration_value>
      <concentration_units>uM</concentration_units>
      <subject_age>Adult (&gt;18 years old)</subject_age>
      <subject_sex>Both</subject_sex>
      <subject_condition>Normal</subject_condition>
      <references>
        <reference>
          <reference_text>Smith JL, Lewindon PJ, Hoskins AC, Pereira TN, Setchell KD, O'Connell NC, Shepherd RW, Ramm GA: Endogenous ursodeoxycholic acid and cholic acid in liver disease due to cystic fibrosis. Hepatology. 2004 Jun;39(6):1673-82.</reference_text>
          <pubmed_id>15185309</pubmed_id>
        </reference>
      </references>
    </concentration>
    <concentration>
      <biospecimen>Feces</biospecimen>
      <concentration_value>27.05 +/- 61.13</concentration_value>
      <concentration_units>nmol/g dry feces</concentration_units>
      <subject_age>Not Specified</subject_age>
      <subject_sex>Not Specified</subject_sex>
      <subject_condition>Normal</subject_condition>
      <comment>By HPLC/MS-MS on fecal extracts</comment>
      <references>
        <reference>
          <reference_text>Humbert L, Maubert MA, Wolf C, Duboc H, Mahe M, Farabos D, Seksik P, Mallet JM, Trugnan G, Masliah J, Rainteau D: Bile acid profiling in human biological samples: comparison of extraction procedures and application to normal and cholestatic patients. J Chromatogr B Analyt Technol Biomed Life Sci. 2012 Jun 15;899:135-45. doi: 10.1016/j.jchromb.2012.05.015. Epub 2012 May 17.</reference_text>
          <pubmed_id>22664055</pubmed_id>
        </reference>
      </references>
    </concentration>
    <concentration>
      <biospecimen>Feces</biospecimen>
      <concentration_value/>
      <concentration_units/>
      <subject_age>Adult (&gt;18 years old)</subject_age>
      <subject_sex>Both</subject_sex>
      <subject_condition>Normal</subject_condition>
      <comment>By GC-MS on lyopholized fecal samples</comment>
      <references>
        <reference>
          <reference_text>Weir TL, Manter DK, Sheflin AM, Barnett BA, Heuberger AL, Ryan EP: Stool microbiome and metabolome differences between colorectal cancer patients and healthy adults. PLoS One. 2013 Aug 6;8(8):e70803. doi: 10.1371/journal.pone.0070803. Print 2013.</reference_text>
          <pubmed_id>23940645</pubmed_id>
        </reference>
      </references>
    </concentration>
    <concentration>
      <biospecimen>Feces</biospecimen>
      <concentration_value/>
      <concentration_units/>
      <subject_age>Adult (&gt;18 years old)</subject_age>
      <subject_sex>Both</subject_sex>
      <subject_condition>Normal</subject_condition>
      <comment>Lyophilized feces samples (n=102) were used in the study.  Instrument: GC-MS; LC-MS. Technology specification: GC-MS/MS and UPLC-MS/MS in multiple conditions; authentic standards (metabolon).</comment>
      <references>
        <reference>
          <reference_text>Goedert JJ, Sampson JN, Moore SC, Xiao Q, Xiong X, Hayes RB, Ahn J, Shi J, Sinha R: Fecal metabolomics: assay performance and association with colorectal cancer. Carcinogenesis. 2014 Sep;35(9):2089-96. doi: 10.1093/carcin/bgu131. Epub 2014 Jul 18.</reference_text>
          <pubmed_id>25037050</pubmed_id>
        </reference>
      </references>
    </concentration>
    <concentration>
      <biospecimen>Feces</biospecimen>
      <concentration_value/>
      <concentration_units/>
      <subject_age>Adult (&gt;18 years old)</subject_age>
      <subject_sex>Both</subject_sex>
      <subject_condition>Normal</subject_condition>
      <comment>Fecal samples of 786 predominantly female twins of the TwinsUK cohort, aged 65.2 (+/-7.6), with an average BMI of 26.1 (+/-4.7) </comment>
      <references>
        <reference>
          <reference_text>Zierer J, Jackson MA, Kastenmuller G, Mangino M, Long T, Telenti A, Mohney RP, Small KS, Bell JT, Steves CJ, Valdes AM, Spector TD, Menni C: The fecal metabolome as a functional readout of the gut microbiome. Nat Genet. 2018 Jun;50(6):790-795. doi: 10.1038/s41588-018-0135-7. Epub 2018 May  28.</reference_text>
          <pubmed_id>29808030</pubmed_id>
        </reference>
      </references>
    </concentration>
    <concentration>
      <biospecimen>Feces</biospecimen>
      <concentration_value/>
      <concentration_units/>
      <subject_age>Adult (&gt;18 years old)</subject_age>
      <subject_sex>Both</subject_sex>
      <subject_condition>Normal</subject_condition>
      <comment>Lyophilized feces samples (n=18) were used in the study.  Instrument: LC-MS. Technology specification: UPLC-MS/MS in multiple conditions; authentic standards (metabolon).</comment>
      <references>
        <reference>
          <reference_text>Loftfield E, Vogtmann E, Sampson JN, Moore SC, Nelson H, Knight R, Chia N, Sinha R: Comparison of Collection Methods for Fecal Samples for Discovery Metabolomics in Epidemiologic Studies. Cancer Epidemiol Biomarkers Prev. 2016 Nov;25(11):1483-1490. doi: 10.1158/1055-9965.EPI-16-0409. Epub 2016 Aug 19.</reference_text>
          <pubmed_id>27543620</pubmed_id>
        </reference>
      </references>
    </concentration>
    <concentration>
      <biospecimen>Urine</biospecimen>
      <concentration_value>0.022 (0.013-0.030)</concentration_value>
      <concentration_units>umol/mmol creatinine</concentration_units>
      <subject_age>Adult (&gt;18 years old)</subject_age>
      <subject_sex>Both</subject_sex>
      <subject_condition>Normal</subject_condition>
      <comment>by GC-MS</comment>
      <references>
        <reference>
          <reference_text>Bouatra S, Aziat F, Mandal R, Guo AC, Wilson MR, Knox C, Bjorndahl TC, Krishnamurthy R, Saleem F, Liu P, Dame ZT, Poelzer J, Huynh J, Yallou FS, Psychogios N, Dong E, Bogumil R, Roehring C, Wishart DS: The human urine metabolome. PLoS One. 2013 Sep 4;8(9):e73076. doi: 10.1371/journal.pone.0073076. eCollection  2013.</reference_text>
          <pubmed_id>24023812</pubmed_id>
        </reference>
      </references>
    </concentration>
  </normal_concentrations><abnormal_concentrations>
    <concentration>
      <biospecimen>Blood</biospecimen>
      <concentration_value>1.7 (0.7-3.0)</concentration_value>
      <concentration_units>uM</concentration_units>
      <patient_age>Adult (&gt;18 years old)</patient_age>
      <patient_sex>Both</patient_sex>
      <patient_information>Biliary cirrhosis</patient_information>
      <comment>Patients with biliary cirrhosis before ursodeoxycholic acid treatment</comment>
      <references>
        <reference>
          <reference_text>Batta AK, Arora R, Salen G, Tint GS, Eskreis D, Katz S: Characterization of serum and urinary bile acids in patients with primary biliary cirrhosis by gas-liquid chromatography-mass spectrometry: effect of ursodeoxycholic acid treatment. J Lipid Res. 1989 Dec;30(12):1953-62.</reference_text>
          <pubmed_id>2621422</pubmed_id>
        </reference>
      </references>
    </concentration>
    <concentration>
      <biospecimen>Blood</biospecimen>
      <concentration_value>24.5 (2.3-51.3)</concentration_value>
      <concentration_units>uM</concentration_units>
      <patient_age>Adult (&gt;18 years old)</patient_age>
      <patient_sex>Both</patient_sex>
      <patient_information>Biliary cirrhosis</patient_information>
      <comment>Patients with biliary cirrhosis after  ursodeoxycholic acid treatment</comment>
      <references>
        <reference>
          <reference_text>Batta AK, Arora R, Salen G, Tint GS, Eskreis D, Katz S: Characterization of serum and urinary bile acids in patients with primary biliary cirrhosis by gas-liquid chromatography-mass spectrometry: effect of ursodeoxycholic acid treatment. J Lipid Res. 1989 Dec;30(12):1953-62.</reference_text>
          <pubmed_id>2621422</pubmed_id>
        </reference>
      </references>
    </concentration>
    <concentration>
      <biospecimen>Blood</biospecimen>
      <concentration_value>0.48 +/- 0.16</concentration_value>
      <concentration_units>uM</concentration_units>
      <patient_age>Adult (&gt;18 years old)</patient_age>
      <patient_sex>Both</patient_sex>
      <patient_information>Cystic fibrosis</patient_information>
      <comment>Cystic fibrosis associated with liver disease (CFLD)
</comment>
      <references>
        <reference>
          <reference_text>Smith JL, Lewindon PJ, Hoskins AC, Pereira TN, Setchell KD, O'Connell NC, Shepherd RW, Ramm GA: Endogenous ursodeoxycholic acid and cholic acid in liver disease due to cystic fibrosis. Hepatology. 2004 Jun;39(6):1673-82.</reference_text>
          <pubmed_id>15185309</pubmed_id>
        </reference>
      </references>
    </concentration>
    <concentration>
      <biospecimen>Blood</biospecimen>
      <concentration_value>0.61 +/- 0.27</concentration_value>
      <concentration_units>uM</concentration_units>
      <patient_age>Children (1-13 years old)</patient_age>
      <patient_sex>Both</patient_sex>
      <patient_information>Cystic fibrosis</patient_information>
      <references>
        <reference>
          <reference_text>Smith JL, Lewindon PJ, Hoskins AC, Pereira TN, Setchell KD, O'Connell NC, Shepherd RW, Ramm GA: Endogenous ursodeoxycholic acid and cholic acid in liver disease due to cystic fibrosis. Hepatology. 2004 Jun;39(6):1673-82.</reference_text>
          <pubmed_id>15185309</pubmed_id>
        </reference>
      </references>
    </concentration>
    <concentration>
      <biospecimen>Feces</biospecimen>
      <concentration_value/>
      <concentration_units/>
      <patient_age>Adult (&gt;18 years old)</patient_age>
      <patient_sex>Both</patient_sex>
      <patient_information>Colorectal cancer</patient_information>
      <references>
        <reference>
          <reference_text>Weir TL, Manter DK, Sheflin AM, Barnett BA, Heuberger AL, Ryan EP: Stool microbiome and metabolome differences between colorectal cancer patients and healthy adults. PLoS One. 2013 Aug 6;8(8):e70803. doi: 10.1371/journal.pone.0070803. Print 2013.</reference_text>
          <pubmed_id>23940645</pubmed_id>
        </reference>
      </references>
    </concentration>
    <concentration>
      <biospecimen>Feces</biospecimen>
      <concentration_value/>
      <concentration_units/>
      <patient_age>Adult (&gt;18 years old)</patient_age>
      <patient_sex>Both</patient_sex>
      <patient_information>Colorectal cancer</patient_information>
      <comment>By GC-MS on lyopholized fecal samples</comment>
      <references>
        <reference>
          <reference_text>Weir TL, Manter DK, Sheflin AM, Barnett BA, Heuberger AL, Ryan EP: Stool microbiome and metabolome differences between colorectal cancer patients and healthy adults. PLoS One. 2013 Aug 6;8(8):e70803. doi: 10.1371/journal.pone.0070803. Print 2013.</reference_text>
          <pubmed_id>23940645</pubmed_id>
        </reference>
      </references>
    </concentration>
    <concentration>
      <biospecimen>Feces</biospecimen>
      <concentration_value/>
      <concentration_units/>
      <patient_age>Adult (&gt;18 years old)</patient_age>
      <patient_sex>Both</patient_sex>
      <patient_information>Colorectal cancer</patient_information>
      <comment>Lyophilized feces samples (n=48) were used in the study.  Instrument: GC-MS; LC-MS. Technology specification: GC-MS/MS and UPLC-MS/MS in multiple conditions; authentic standards (metabolon).</comment>
      <references>
        <reference>
          <reference_text>Goedert JJ, Sampson JN, Moore SC, Xiao Q, Xiong X, Hayes RB, Ahn J, Shi J, Sinha R: Fecal metabolomics: assay performance and association with colorectal cancer. Carcinogenesis. 2014 Sep;35(9):2089-96. doi: 10.1093/carcin/bgu131. Epub 2014 Jul 18.</reference_text>
          <pubmed_id>25037050</pubmed_id>
        </reference>
      </references>
    </concentration>
    <concentration>
      <biospecimen>Urine</biospecimen>
      <concentration_value>0.29 (0.056-0.98)</concentration_value>
      <concentration_units>umol/mmol creatinine</concentration_units>
      <patient_age>Adult (&gt;18 years old)</patient_age>
      <patient_sex>Both</patient_sex>
      <patient_information>Biliary cirrhosis</patient_information>
      <comment>Patients with biliary cirrhosis before ursodeoxycholic acid treatment</comment>
      <references>
        <reference>
          <reference_text>Batta AK, Arora R, Salen G, Tint GS, Eskreis D, Katz S: Characterization of serum and urinary bile acids in patients with primary biliary cirrhosis by gas-liquid chromatography-mass spectrometry: effect of ursodeoxycholic acid treatment. J Lipid Res. 1989 Dec;30(12):1953-62.</reference_text>
          <pubmed_id>2621422</pubmed_id>
        </reference>
      </references>
    </concentration>
    <concentration>
      <biospecimen>Urine</biospecimen>
      <concentration_value>12.5 (0.7-53.9)</concentration_value>
      <concentration_units>umol/mmol creatinine</concentration_units>
      <patient_age>Adult (&gt;18 years old)</patient_age>
      <patient_sex>Both</patient_sex>
      <patient_information>Biliary cirrhosis</patient_information>
      <comment>Patients with biliary cirrhosis after ursodeoxycholic acid treatment</comment>
      <references>
        <reference>
          <reference_text>Batta AK, Arora R, Salen G, Tint GS, Eskreis D, Katz S: Characterization of serum and urinary bile acids in patients with primary biliary cirrhosis by gas-liquid chromatography-mass spectrometry: effect of ursodeoxycholic acid treatment. J Lipid Res. 1989 Dec;30(12):1953-62.</reference_text>
          <pubmed_id>2621422</pubmed_id>
        </reference>
      </references>
    </concentration>
  </abnormal_concentrations><diseases>
    <disease>
      <name>Cystic fibrosis</name>
      <omim_id>219700</omim_id>
      <references>
        <reference>
          <reference_text>Smith JL, Lewindon PJ, Hoskins AC, Pereira TN, Setchell KD, O'Connell NC, Shepherd RW, Ramm GA: Endogenous ursodeoxycholic acid and cholic acid in liver disease due to cystic fibrosis. Hepatology. 2004 Jun;39(6):1673-82.</reference_text>
          <pubmed_id>15185309</pubmed_id>
        </reference>
        <reference>
          <reference_text>Matsui A, Psacharopoulos HT, Mowat AP, Portmann B, Murphy GM: Radioimmunoassay of serum glycocholic acid, standard laboratory tests of liver function and liver biopsy findings: comparative study of children with liver disease. J Clin Pathol. 1982 Sep;35(9):1011-7.</reference_text>
          <pubmed_id>7119120</pubmed_id>
        </reference>
        <reference>
          <reference_text>Scalabrino G, Galimberti D, Mutti E, Scalabrini D, Veber D, De Riz M, Bamonti F, Capello E, Mancardi GL, Scarpini E: Loss of epidermal growth factor regulation by cobalamin in multiple sclerosis. Brain Res. 2010 May 28;1333:64-71. doi: 10.1016/j.brainres.2010.03.073. Epub 2010 Mar 27.</reference_text>
          <pubmed_id>20347721</pubmed_id>
        </reference>
        <reference>
          <reference_text>Adriana Nori de Macedo. Robust capillary electrophoresis methods for biomarker discovery and routine measurements in clinical and epidemiological applications. March 2017: https://macsphere.mcmaster.ca/handle/11375/21248</reference_text>
        </reference>
      </references>
    </disease>
    <disease>
      <name>Colorectal cancer</name>
      <omim_id>114500</omim_id>
      <references>
        <reference>
          <reference_text>Ishiwata S, Itoh K, Yamaguchi T, Ishida N, Mizugaki M: Comparison of serum and urinary levels of modified nucleoside, 1-methyladenosine, in cancer patients using a monoclonal antibody-based inhibition ELISA. Tohoku J Exp Med. 1995 May;176(1):61-8.</reference_text>
          <pubmed_id>7482520</pubmed_id>
        </reference>
        <reference>
          <reference_text>Monleon D, Morales JM, Barrasa A, Lopez JA, Vazquez C, Celda B: Metabolite profiling of fecal water extracts from human colorectal cancer. NMR Biomed. 2009 Apr;22(3):342-8. doi: 10.1002/nbm.1345.</reference_text>
          <pubmed_id>19006102</pubmed_id>
        </reference>
        <reference>
          <reference_text>Weir TL, Manter DK, Sheflin AM, Barnett BA, Heuberger AL, Ryan EP: Stool microbiome and metabolome differences between colorectal cancer patients and healthy adults. PLoS One. 2013 Aug 6;8(8):e70803. doi: 10.1371/journal.pone.0070803. Print 2013.</reference_text>
          <pubmed_id>23940645</pubmed_id>
        </reference>
        <reference>
          <reference_text>Phua LC, Chue XP, Koh PK, Cheah PY, Ho HK, Chan EC: Non-invasive fecal metabonomic detection of colorectal cancer. Cancer Biol Ther. 2014 Apr;15(4):389-97. doi: 10.4161/cbt.27625. Epub 2014 Jan 14.</reference_text>
          <pubmed_id>24424155</pubmed_id>
        </reference>
        <reference>
          <reference_text>Ritchie SA, Ahiahonu PW, Jayasinghe D, Heath D, Liu J, Lu Y, Jin W, Kavianpour A, Yamazaki Y, Khan AM, Hossain M, Su-Myat KK, Wood PL, Krenitsky K, Takemasa I, Miyake M, Sekimoto M, Monden M, Matsubara H, Nomura F, Goodenowe DB: Reduced levels of hydroxylated, polyunsaturated ultra long-chain fatty acids in the serum of colorectal cancer patients: implications for early screening and detection. BMC Med. 2010 Feb 15;8:13. doi: 10.1186/1741-7015-8-13.</reference_text>
          <pubmed_id>20156336</pubmed_id>
        </reference>
        <reference>
          <reference_text>Qiu Y, Cai G, Su M, Chen T, Zheng X, Xu Y, Ni Y, Zhao A, Xu LX, Cai S, Jia W: Serum metabolite profiling of human colorectal cancer using GC-TOFMS and UPLC-QTOFMS. J Proteome Res. 2009 Oct;8(10):4844-50. doi: 10.1021/pr9004162.</reference_text>
          <pubmed_id>19678709</pubmed_id>
        </reference>
        <reference>
          <reference_text>Cheng Y, Xie G, Chen T, Qiu Y, Zou X, Zheng M, Tan B, Feng B, Dong T, He P, Zhao L, Zhao A, Xu LX, Zhang Y, Jia W: Distinct urinary metabolic profile of human colorectal cancer. J Proteome Res. 2012 Feb 3;11(2):1354-63. doi: 10.1021/pr201001a. Epub 2011 Dec 28.</reference_text>
          <pubmed_id>22148915</pubmed_id>
        </reference>
        <reference>
          <reference_text>Ni Y, Xie G, Jia W: Metabonomics of human colorectal cancer: new approaches for early diagnosis and biomarker discovery. J Proteome Res. 2014 Sep 5;13(9):3857-70. doi: 10.1021/pr500443c. Epub 2014 Aug 14.</reference_text>
          <pubmed_id>25105552</pubmed_id>
        </reference>
        <reference>
          <reference_text>Ikeda A, Nishiumi S, Shinohara M, Yoshie T, Hatano N, Okuno T, Bamba T, Fukusaki E, Takenawa T, Azuma T, Yoshida M: Serum metabolomics as a novel diagnostic approach for gastrointestinal cancer. Biomed Chromatogr. 2012 May;26(5):548-58. doi: 10.1002/bmc.1671. Epub 2011 Jul 20.</reference_text>
          <pubmed_id>21773981</pubmed_id>
        </reference>
        <reference>
          <reference_text>Goedert JJ, Sampson JN, Moore SC, Xiao Q, Xiong X, Hayes RB, Ahn J, Shi J, Sinha R: Fecal metabolomics: assay performance and association with colorectal cancer. Carcinogenesis. 2014 Sep;35(9):2089-96. doi: 10.1093/carcin/bgu131. Epub 2014 Jul 18.</reference_text>
          <pubmed_id>25037050</pubmed_id>
        </reference>
        <reference>
          <reference_text>Sinha R, Ahn J, Sampson JN, Shi J, Yu G, Xiong X, Hayes RB, Goedert JJ: Fecal Microbiota, Fecal Metabolome, and Colorectal Cancer Interrelations. PLoS One. 2016 Mar 25;11(3):e0152126. doi: 10.1371/journal.pone.0152126. eCollection 2016.</reference_text>
          <pubmed_id>27015276</pubmed_id>
        </reference>
        <reference>
          <reference_text>Lin Y, Ma C, Liu C, Wang Z, Yang J, Liu X, Shen Z, Wu R: NMR-based fecal metabolomics fingerprinting as predictors of earlier diagnosis in patients with colorectal cancer. Oncotarget. 2016 May 17;7(20):29454-64. doi: 10.18632/oncotarget.8762.</reference_text>
          <pubmed_id>27107423</pubmed_id>
        </reference>
        <reference>
          <reference_text>Brown DG, Rao S, Weir TL, O'Malia J, Bazan M, Brown RJ, Ryan EP: Metabolomics and metabolic pathway networks from human colorectal cancers, adjacent mucosa, and stool. Cancer Metab. 2016 Jun 6;4:11. doi: 10.1186/s40170-016-0151-y. eCollection 2016.</reference_text>
          <pubmed_id>27275383</pubmed_id>
        </reference>
        <reference>
          <reference_text>Wang X, Wang J, Rao B, Deng L: Gut flora profiling and fecal metabolite composition of colorectal cancer patients and healthy individuals. Exp Ther Med. 2017 Jun;13(6):2848-2854. doi: 10.3892/etm.2017.4367. Epub 2017 Apr 20.</reference_text>
          <pubmed_id>28587349</pubmed_id>
        </reference>
        <reference>
          <reference_text>Silke Matysik, Caroline Ivanne Le Roy, Gerhard Liebisch, Sandrine Paule Claus. Metabolomics of fecal samples: A practical consideration. Trends in Food Science &amp; Technology. Vol. 57, Part B, Nov. 2016, p.244-255: http://www.sciencedirect.com/science/article/pii/S0924224416301984</reference_text>
        </reference>
      </references>
    </disease>
    <disease>
      <name>Primary biliary cirrhosis</name>
      <omim_id>109720</omim_id>
      <references>
        <reference>
          <reference_text>Nikkila K, Hockerstedt K, Miettinen TA: High cholestanol and low campesterol-to-sitosterol ratio in serum of patients with primary biliary cirrhosis before liver transplantation. Hepatology. 1991 Apr;13(4):663-9.</reference_text>
          <pubmed_id>2010161</pubmed_id>
        </reference>
        <reference>
          <reference_text>Braganza JM, Day JP: Serum octadeca-9-11 dienoic acid concentrations in primary biliary cirrhosis. Lancet. 1987 Apr 25;1(8539):987.</reference_text>
          <pubmed_id>2882386</pubmed_id>
        </reference>
        <reference>
          <reference_text>Turchany JM, Leung PS, Iwayama T, Jefferson DM, Ishida J, Yamaguchi M, Munoz S, Danner DJ, Dickson ER, Gershwin ME: Comparative metabolism and structure of BCKD-E2 in primary biliary cirrhosis. J Autoimmun. 1993 Aug;6(4):459-66.</reference_text>
          <pubmed_id>8216688</pubmed_id>
        </reference>
        <reference>
          <reference_text>Batta AK, Arora R, Salen G, Tint GS, Eskreis D, Katz S: Characterization of serum and urinary bile acids in patients with primary biliary cirrhosis by gas-liquid chromatography-mass spectrometry: effect of ursodeoxycholic acid treatment. J Lipid Res. 1989 Dec;30(12):1953-62.</reference_text>
          <pubmed_id>2621422</pubmed_id>
        </reference>
      </references>
    </disease>
  </diseases>
</metabolites>