<metabolites>
<creation_date>2005-11-16 15:48:42 UTC</creation_date>
<update_date>2020-04-23 20:55:41 UTC</update_date>
<version>4.0</version>
<name>Androsterone</name>
<accession>HMDB0000031</accession>
<completion_status>In progress</completion_status><ranges><range><abnormal_concentrations>
    <concentration>
      <biospecimen>Blood</biospecimen>
      <concentration_value/>
      <concentration_units/>
      <patient_age>Adult (&gt;18 years old)</patient_age>
      <patient_sex>Male</patient_sex>
      <patient_information>Schizophrenia</patient_information>
      <comment>Detected by GC-MS</comment>
      <references>
        <reference>
          <reference_text>Bicikova M, Hill M, Ripova D, Mohr P, Hampl R: Determination of steroid metabolome as a possible tool for laboratory diagnosis of schizophrenia. J Steroid Biochem Mol Biol. 2013 Jan;133:77-83. doi: 10.1016/j.jsbmb.2012.08.009. Epub 2012 Aug 24.</reference_text>
          <pubmed_id>22944140</pubmed_id>
        </reference>
      </references>
    </concentration>
    <concentration>
      <biospecimen>Cerebrospinal Fluid (CSF)</biospecimen>
      <concentration_value>0.00007167 +/- 0.000119</concentration_value>
      <concentration_units>uM</concentration_units>
      <patient_age>Adult (&gt;18 years old)</patient_age>
      <patient_sex>Not Specified</patient_sex>
      <patient_information>Leuprolide acetate-induced hypogonadism</patient_information>
      <references>
        <reference>
          <reference_text>Bloch M, Rubinow DR, Berlin K, Kevala KR, Kim HY, Schmidt PJ: Monoamines and neurosteroids in sexual function during induced hypogonadism in healthy men. Arch Gen Psychiatry. 2006 Apr;63(4):450-6.</reference_text>
          <pubmed_id>16585475</pubmed_id>
        </reference>
      </references>
    </concentration>
    <concentration>
      <biospecimen>Cerebrospinal Fluid (CSF)</biospecimen>
      <concentration_value>0.000142 +/- 0.00009475</concentration_value>
      <concentration_units>uM</concentration_units>
      <patient_age>Adult (&gt;18 years old)</patient_age>
      <patient_sex>Not Specified</patient_sex>
      <patient_information>Leuprolide acetate-induced hypogonadism with testosterone replacment</patient_information>
      <references>
        <reference>
          <reference_text>Bloch M, Rubinow DR, Berlin K, Kevala KR, Kim HY, Schmidt PJ: Monoamines and neurosteroids in sexual function during induced hypogonadism in healthy men. Arch Gen Psychiatry. 2006 Apr;63(4):450-6.</reference_text>
          <pubmed_id>16585475</pubmed_id>
        </reference>
      </references>
    </concentration>
    <concentration>
      <biospecimen>Urine</biospecimen>
      <concentration_value>0.000092 +/- 0.000082</concentration_value>
      <concentration_units>umol/mmol creatinine</concentration_units>
      <patient_age>Adult (&gt;18 years old)</patient_age>
      <patient_sex>Both</patient_sex>
      <patient_information>Stress urinary incontinence</patient_information>
      <references>
        <reference>
          <reference_text>Bai SW, Jung BH, Chung BC, Kim SU, Kim JY, Rha KH, Cho JS, Park YW, Park KH: Relationship between urinary profile of the endogenous steroids and postmenopausal women with stress urinary incontinence. Neurourol Urodyn. 2003;22(3):198-205.</reference_text>
          <pubmed_id>12707870</pubmed_id>
        </reference>
      </references>
    </concentration>
    <concentration>
      <biospecimen>Urine</biospecimen>
      <concentration_value>0.77 +/- 0.08</concentration_value>
      <concentration_units>umol/mmol creatinine</concentration_units>
      <patient_age>Adult (&gt;18 years old)</patient_age>
      <patient_sex>Female</patient_sex>
      <patient_information>Hirsutism</patient_information>
      <references>
        <reference>
          <reference_text>Gilad S, Chayen R, Tordjman K, Kisch E, Stern N: Assessment of 5 alpha-reductase activity in hirsute women: comparison of serum androstanediol glucuronide with urinary androsterone and aetiocholanolone excretion. Clin Endocrinol (Oxf). 1994 Apr;40(4):459-64.</reference_text>
          <pubmed_id>8187312</pubmed_id>
        </reference>
      </references>
    </concentration>
  </abnormal_concentrations><diseases>
    <disease>
      <name>Schizophrenia</name>
      <omim_id>181500</omim_id>
      <references>
        <reference>
          <reference_text>Harnryd C, Bjerkenstedt L, Grimm VE, Sedvall G: Reduction of MOPEG levels in cerebrospinal fluid of psychotic women after electroconvulsive treatment. Psychopharmacology (Berl). 1979 Aug 8;64(2):131-4.</reference_text>
          <pubmed_id>115032</pubmed_id>
        </reference>
        <reference>
          <reference_text>Kobayashi K, Koide Y, Yoshino K, Shohmori T: [P-hydroxyphenylacetic acid concentrations in cerebrospinal fluid]. No To Shinkei. 1982 Aug;34(8):769-74.</reference_text>
          <pubmed_id>7126379</pubmed_id>
        </reference>
        <reference>
          <reference_text>Alfredsson G, Wiesel FA: Monoamine metabolites and amino acids in serum from schizophrenic patients before and during sulpiride treatment. Psychopharmacology (Berl). 1989;99(3):322-7.</reference_text>
          <pubmed_id>2480613</pubmed_id>
        </reference>
        <reference>
          <reference_text>Heresco-Levy U, Bar G, Levin R, Ermilov M, Ebstein RP, Javitt DC: High glycine levels are associated with prepulse inhibition deficits in chronic schizophrenia patients. Schizophr Res. 2007 Mar;91(1-3):14-21. Epub 2007 Feb 2.</reference_text>
          <pubmed_id>17276036</pubmed_id>
        </reference>
        <reference>
          <reference_text>Walker EF, Bonsall R, Walder DJ: Plasma hormones and catecholamine metabolites in monozygotic twins discordant for psychosis. Neuropsychiatry Neuropsychol Behav Neurol. 2002 Mar;15(1):10-7.</reference_text>
          <pubmed_id>11877547</pubmed_id>
        </reference>
        <reference>
          <reference_text>Hashimoto K, Fukushima T, Shimizu E, Komatsu N, Watanabe H, Shinoda N, Nakazato M, Kumakiri C, Okada S, Hasegawa H, Imai K, Iyo M: Decreased serum levels of D-serine in patients with schizophrenia: evidence in support of the N-methyl-D-aspartate receptor hypofunction hypothesis of schizophrenia. Arch Gen Psychiatry. 2003 Jun;60(6):572-6.</reference_text>
          <pubmed_id>12796220</pubmed_id>
        </reference>
        <reference>
          <reference_text>Do KQ, Lauer CJ, Schreiber W, Zollinger M, Gutteck-Amsler U, Cuenod M, Holsboer F: gamma-Glutamylglutamine and taurine concentrations are decreased in the cerebrospinal fluid of drug-naive patients with schizophrenic disorders. J Neurochem. 1995 Dec;65(6):2652-62.</reference_text>
          <pubmed_id>7595563</pubmed_id>
        </reference>
        <reference>
          <reference_text>Nikisch G, Baumann P, Wiedemann G, Kiessling B, Weisser H, Hertel A, Yoshitake T, Kehr J, Mathe AA: Quetiapine and norquetiapine in plasma and cerebrospinal fluid of schizophrenic patients treated with quetiapine: correlations to clinical outcome and HVA, 5-HIAA, and MHPG in CSF. J Clin Psychopharmacol. 2010 Oct;30(5):496-503. doi: 10.1097/JCP.0b013e3181f2288e.</reference_text>
          <pubmed_id>20814316</pubmed_id>
        </reference>
        <reference>
          <reference_text>Fukushima T, Iizuka H, Yokota A, Suzuki T, Ohno C, Kono Y, Nishikiori M, Seki A, Ichiba H, Watanabe Y, Hongo S, Utsunomiya M, Nakatani M, Sadamoto K, Yoshio T: Quantitative analyses of schizophrenia-associated metabolites in serum: serum D-lactate levels are negatively correlated with gamma-glutamylcysteine in medicated schizophrenia patients. PLoS One. 2014 Jul 8;9(7):e101652. doi: 10.1371/journal.pone.0101652. eCollection 2014.</reference_text>
          <pubmed_id>25004141</pubmed_id>
        </reference>
        <reference>
          <reference_text>Koike S, Bundo M, Iwamoto K, Suga M, Kuwabara H, Ohashi Y, Shinoda K, Takano Y, Iwashiro N, Satomura Y, Nagai T, Natsubori T, Tada M, Yamasue H, Kasai K: A snapshot of plasma metabolites in first-episode schizophrenia: a capillary electrophoresis time-of-flight mass spectrometry study. Transl Psychiatry. 2014 Apr 8;4:e379. doi: 10.1038/tp.2014.19.</reference_text>
          <pubmed_id>24713860</pubmed_id>
        </reference>
        <reference>
          <reference_text>Ballesteros A, Summerfelt A, Du X, Jiang P, Chiappelli J, Tagamets M, O'Donnell P, Kochunov P, Hong LE: Electrophysiological intermediate biomarkers for oxidative stress in schizophrenia. Clin Neurophysiol. 2013 Nov;124(11):2209-15. doi: 10.1016/j.clinph.2013.05.021. Epub 2013 Jun 30.</reference_text>
          <pubmed_id>23823132</pubmed_id>
        </reference>
        <reference>
          <reference_text>Bjerkenstedt L, Edman G, Hagenfeldt L, Sedvall G, Wiesel FA: Plasma amino acids in relation to cerebrospinal fluid monoamine metabolites in schizophrenic patients and healthy controls. Br J Psychiatry. 1985 Sep;147:276-82.</reference_text>
          <pubmed_id>2415198</pubmed_id>
        </reference>
        <reference>
          <reference_text>Pickar D, Breier A, Hsiao JK, Doran AR, Wolkowitz OM, Pato CN, Konicki PE, Potter WZ: Cerebrospinal fluid and plasma monoamine metabolites and their relation to psychosis. Implications for regional brain dysfunction in schizophrenia. Arch Gen Psychiatry. 1990 Jul;47(7):641-8.</reference_text>
          <pubmed_id>1694425</pubmed_id>
        </reference>
        <reference>
          <reference_text>Prell GD, Green JP, Kaufmann CA, Khandelwal JK, Morrishow AM, Kirch DG, Linnoila M, Wyatt RJ: Histamine metabolites in cerebrospinal fluid of patients with chronic schizophrenia: their relationships to levels of other aminergic transmitters and ratings of symptoms. Schizophr Res. 1995 Jan;14(2):93-104.</reference_text>
          <pubmed_id>7711000</pubmed_id>
        </reference>
        <reference>
          <reference_text>Kim YK, Myint AM, Verkerk R, Scharpe S, Steinbusch H, Leonard B: Cytokine changes and tryptophan metabolites in medication-naive and medication-free schizophrenic patients. Neuropsychobiology. 2009;59(2):123-9. doi: 10.1159/000213565. Epub 2009 Apr 22.</reference_text>
          <pubmed_id>19390223</pubmed_id>
        </reference>
        <reference>
          <reference_text>Yang J, Chen T, Sun L, Zhao Z, Qi X, Zhou K, Cao Y, Wang X, Qiu Y, Su M, Zhao A, Wang P, Yang P, Wu J, Feng G, He L, Jia W, Wan C: Potential metabolite markers of schizophrenia. Mol Psychiatry. 2013 Jan;18(1):67-78. doi: 10.1038/mp.2011.131. Epub 2011 Oct 25.</reference_text>
          <pubmed_id>22024767</pubmed_id>
        </reference>
        <reference>
          <reference_text>Xuan J, Pan G, Qiu Y, Yang L, Su M, Liu Y, Chen J, Feng G, Fang Y, Jia W, Xing Q, He L: Metabolomic profiling to identify potential serum biomarkers for schizophrenia and risperidone action. J Proteome Res. 2011 Dec 2;10(12):5433-43. doi: 10.1021/pr2006796. Epub 2011 Nov  8.</reference_text>
          <pubmed_id>22007635</pubmed_id>
        </reference>
        <reference>
          <reference_text>Schwarz E, Guest PC, Rahmoune H, Harris LW, Wang L, Leweke FM, Rothermundt M, Bogerts B, Koethe D, Kranaster L, Ohrmann P, Suslow T, McAllister G, Spain M, Barnes A, van Beveren NJ, Baron-Cohen S, Steiner J, Torrey FE, Yolken RH, Bahn S: Identification of a biological signature for schizophrenia in serum. Mol Psychiatry. 2012 May;17(5):494-502. doi: 10.1038/mp.2011.42. Epub 2011 Apr 12.</reference_text>
          <pubmed_id>21483431</pubmed_id>
        </reference>
        <reference>
          <reference_text>Mathe AA, Eberhard G, Saaf J, Wetterberg L: Plasma prostaglandin E2 metabolite--measured as 11-deoxy-15-keto-13,14-dihydro-11 beta,16 xi-cyclo-PGE2--in twins with schizophrenic disorder. Biol Psychiatry. 1986 Sep;21(11):1024-30.</reference_text>
          <pubmed_id>3741918</pubmed_id>
        </reference>
        <reference>
          <reference_text>Kuloglu M, Ustundag B, Atmaca M, Canatan H, Tezcan AE, Cinkilinc N: Lipid peroxidation and antioxidant enzyme levels in patients with schizophrenia and bipolar disorder. Cell Biochem Funct. 2002 Jun;20(2):171-5.</reference_text>
          <pubmed_id>11979513</pubmed_id>
        </reference>
        <reference>
          <reference_text>Zumarraga M, Davila R, Basterreche N, Arrue A, Goienetxea B, Zamalloa MI, Erkoreka L, Bustamante S, Inchausti L, Gonzalez-Torres MA, Guimon J: Catechol O-methyltransferase and monoamine oxidase A genotypes, and plasma catecholamine metabolites in bipolar and schizophrenic patients. Neurochem Int. 2010 May-Jun;56(6-7):774-9. doi: 10.1016/j.neuint.2010.02.015. Epub 2010 Mar 4.</reference_text>
          <pubmed_id>20206656</pubmed_id>
        </reference>
        <reference>
          <reference_text>Peters JG: Dopamine, noradrenaline and serotonin spinal fluid metabolites in temporal lobe epileptic patients with schizophrenic symptomatology. Eur Neurol. 1979;18(1):15-8.</reference_text>
          <pubmed_id>436860</pubmed_id>
        </reference>
        <reference>
          <reference_text>Yao JK, Dougherty GG Jr, Reddy RD, Keshavan MS, Montrose DM, Matson WR, Rozen S, Krishnan RR, McEvoy J, Kaddurah-Daouk R: Altered interactions of tryptophan metabolites in first-episode neuroleptic-naive patients with schizophrenia. Mol Psychiatry. 2010 Sep;15(9):938-53. doi: 10.1038/mp.2009.33. Epub 2009 Apr 28.</reference_text>
          <pubmed_id>19401681</pubmed_id>
        </reference>
        <reference>
          <reference_text>Gattaz WF, Waldmeier P, Beckmann H: CSF monoamine metabolites in schizophrenic patients. Acta Psychiatr Scand. 1982 Nov;66(5):350-60.</reference_text>
          <pubmed_id>6184954</pubmed_id>
        </reference>
        <reference>
          <reference_text>Nilsson-Todd LK, Nordin C, Jonsson EG, Skogh E, Erhardt S: Cerebrospinal fluid kynurenic acid in male patients with schizophrenia - correlation with monoamine metabolites. Acta Neuropsychiatr. 2007 Feb;19(1):45-52. doi: 10.1111/j.1601-5215.2006.00170.x.</reference_text>
          <pubmed_id>26952797</pubmed_id>
        </reference>
        <reference>
          <reference_text>Cai HL, Li HD, Yan XZ, Sun B, Zhang Q, Yan M, Zhang WY, Jiang P, Zhu RH, Liu YP, Fang PF, Xu P, Yuan HY, Zhang XH, Hu L, Yang W, Ye HS: Metabolomic analysis of biochemical changes in the plasma and urine of first-episode neuroleptic-naive schizophrenia patients after treatment with risperidone. J Proteome Res. 2012 Aug 3;11(8):4338-50. doi: 10.1021/pr300459d. Epub 2012 Jul 26.</reference_text>
          <pubmed_id>22800120</pubmed_id>
        </reference>
        <reference>
          <reference_text>Al Awam K, Haussleiter IS, Dudley E, Donev R, Brune M, Juckel G, Thome J: Multiplatform metabolome and proteome profiling identifies serum metabolite and protein signatures as prospective biomarkers for schizophrenia. J Neural Transm (Vienna). 2015 Aug;122 Suppl 1:S111-22. doi: 10.1007/s00702-014-1224-0. Epub 2014 May 1.</reference_text>
          <pubmed_id>24789758</pubmed_id>
        </reference>
        <reference>
          <reference_text>Bicikova M, Hill M, Ripova D, Mohr P, Hampl R: Determination of steroid metabolome as a possible tool for laboratory diagnosis of schizophrenia. J Steroid Biochem Mol Biol. 2013 Jan;133:77-83. doi: 10.1016/j.jsbmb.2012.08.009. Epub 2012 Aug 24.</reference_text>
          <pubmed_id>22944140</pubmed_id>
        </reference>
        <reference>
          <reference_text>He Y, Yu Z, Giegling I, Xie L, Hartmann AM, Prehn C, Adamski J, Kahn R, Li Y, Illig T, Wang-Sattler R, Rujescu D: Schizophrenia shows a unique metabolomics signature in plasma. Transl Psychiatry. 2012 Aug 14;2:e149. doi: 10.1038/tp.2012.76.</reference_text>
          <pubmed_id>22892715</pubmed_id>
        </reference>
        <reference>
          <reference_text>Kaddurah-Daouk R, McEvoy J, Baillie RA, Lee D, Yao JK, Doraiswamy PM, Krishnan KR: Metabolomic mapping of atypical antipsychotic effects in schizophrenia. Mol Psychiatry. 2007 Oct;12(10):934-45. Epub 2007 Apr 17.</reference_text>
          <pubmed_id>17440431</pubmed_id>
        </reference>
        <reference>
          <reference_text>Fryar-Williams S, Strobel JE: Biomarkers of a five-domain translational substrate for schizophrenia and schizoaffective psychosis. Biomark Res. 2015 Feb 6;3:3. doi: 10.1186/s40364-015-0028-1. eCollection 2015.</reference_text>
          <pubmed_id>25729574</pubmed_id>
        </reference>
        <reference>
          <reference_text>Oresic M, Seppanen-Laakso T, Sun D, Tang J, Therman S, Viehman R, Mustonen U, van Erp TG, Hyotylainen T, Thompson P, Toga AW, Huttunen MO, Suvisaari J, Kaprio J, Lonnqvist J, Cannon TD: Phospholipids and insulin resistance in psychosis: a lipidomics study of twin pairs discordant for schizophrenia. Genome Med. 2012 Jan 18;4(1):1. doi: 10.1186/gm300.</reference_text>
          <pubmed_id>22257447</pubmed_id>
        </reference>
      </references>
    </disease>
    <disease>
      <name>Hirsutism</name>
      <omim_id/>
      <references>
        <reference>
          <reference_text>Gilad S, Chayen R, Tordjman K, Kisch E, Stern N: Assessment of 5 alpha-reductase activity in hirsute women: comparison of serum androstanediol glucuronide with urinary androsterone and aetiocholanolone excretion. Clin Endocrinol (Oxf). 1994 Apr;40(4):459-64.</reference_text>
          <pubmed_id>8187312</pubmed_id>
        </reference>
      </references>
    </disease>
  </diseases></range></ranges><reference>
          <reference_text>Bicikova M, Hill M, Ripova D, Mohr P, Hampl R: Determination of steroid metabolome as a possible tool for laboratory diagnosis of schizophrenia. J Steroid Biochem Mol Biol. 2013 Jan;133:77-83. doi: 10.1016/j.jsbmb.2012.08.009. Epub 2012 Aug 24.</reference_text>
          <pubmed_id>22944140</pubmed_id>
        </reference>

</metabolites>