<metabolites>
    <creation_date>2005-11-16 15:48:42 UTC</creation_date>
<update_date>2020-02-26 21:23:20 UTC</update_date>
<accession>HMDB0001429</accession>
<name>Phosphate</name>
<normal_concentrations>
    <concentration>
      <biospecimen>Blood</biospecimen>
      <concentration_value>379.1 +/- 31.6</concentration_value>
      <concentration_units>uM</concentration_units>
      <subject_age>Adult (&gt;18 years old)</subject_age>
      <subject_sex>Male</subject_sex>
      <subject_condition>Normal</subject_condition>
      <references>
        <reference>
          <reference_text>Portale AA, Halloran BP, Morris RC Jr: Dietary intake of phosphorus modulates the circadian rhythm in serum concentration of phosphorus. Implications for the renal production of 1,25-dihydroxyvitamin D. J Clin Invest. 1987 Oct;80(4):1147-54.</reference_text>
          <pubmed_id>3654974</pubmed_id>
        </reference>
      </references>
    </concentration>
    <concentration>
      <biospecimen>Blood</biospecimen>
      <concentration_value>820.4</concentration_value>
      <concentration_units>uM</concentration_units>
      <subject_age>Adult (&gt;18 years old)</subject_age>
      <subject_sex>Both</subject_sex>
      <subject_condition>Normal</subject_condition>
      <references>
        <reference>
          <reference_text>Psychogios N, Hau DD, Peng J, Guo AC, Mandal R, Bouatra S, Sinelnikov I, Krishnamurthy R, Eisner R, Gautam B, Young N, Xia J, Knox C, Dong E, Huang P, Hollander Z, Pedersen TL, Smith SR, Bamforth F, Greiner R, McManus B, Newman JW, Goodfriend T, Wishart DS: The human serum metabolome. PLoS One. 2011 Feb 16;6(2):e16957. doi: 10.1371/journal.pone.0016957.</reference_text>
          <pubmed_id>21359215</pubmed_id>
        </reference>
      </references>
    </concentration>
    <concentration>
      <biospecimen>Blood</biospecimen>
      <concentration_value>1400-2200</concentration_value>
      <concentration_units>uM</concentration_units>
      <subject_age>Not Specified</subject_age>
      <subject_sex>Not Specified</subject_sex>
      <subject_condition>Normal</subject_condition>
      <references>
        <reference>
          <reference_text>Calpena E, Casado M, Martinez-Rubio D, Nascimento A, Colomer J, Gargallo E, Garcia-Cazorla A, Palau F, Artuch R, Espinos C: 5-Oxoprolinuria in Heterozygous Patients for 5-Oxoprolinase (OPLAH) Missense Changes. JIMD Rep. 2013;7:123-8. doi: 10.1007/8904_2012_166. Epub 2012 Jul 6.</reference_text>
          <pubmed_id>23430506</pubmed_id>
        </reference>
      </references>
    </concentration>
    <concentration>
      <biospecimen>Blood</biospecimen>
      <concentration_value>589.65-1105.60</concentration_value>
      <concentration_units>uM</concentration_units>
      <subject_age>Newborn (0 - &lt;14 days old)</subject_age>
      <subject_sex>Both</subject_sex>
      <subject_condition>Normal</subject_condition>
      <comment>Samples were measured on the Abbott ARCHITECT c8000 analyzer</comment>
      <references>
        <reference>
          <reference_text>CALIPER Paediatric Reference Intervals</reference_text>
          <pubmed_id/>
        </reference>
      </references>
    </concentration>
    <concentration>
      <biospecimen>Blood</biospecimen>
      <concentration_value>505.42-884.45</concentration_value>
      <concentration_units>uM</concentration_units>
      <subject_age>Infant (15 days - &lt;1 year old)</subject_age>
      <subject_sex>Both</subject_sex>
      <subject_condition>Normal</subject_condition>
      <comment>Samples were measured on the Abbott ARCHITECT c8000 analyzer</comment>
      <references>
        <reference>
          <reference_text>CALIPER Paediatric Reference Intervals</reference_text>
          <pubmed_id/>
        </reference>
      </references>
    </concentration>
    <concentration>
      <biospecimen>Blood</biospecimen>
      <concentration_value>452.77-716.01</concentration_value>
      <concentration_units>uM</concentration_units>
      <subject_age>Children (1 - &lt;5 years old)</subject_age>
      <subject_sex>Both</subject_sex>
      <subject_condition>Normal</subject_condition>
      <comment>Samples were measured on the Abbott ARCHITECT c8000 analyzer</comment>
      <references>
        <reference>
          <reference_text>CALIPER Paediatric Reference Intervals</reference_text>
          <pubmed_id/>
        </reference>
      </references>
    </concentration>
    <concentration>
      <biospecimen>Blood</biospecimen>
      <concentration_value>431.71-621.24</concentration_value>
      <concentration_units>uM</concentration_units>
      <subject_age>Children (5 - &lt;13 years old)</subject_age>
      <subject_sex>Both</subject_sex>
      <subject_condition>Normal</subject_condition>
      <comment>Samples were measured on the Abbott ARCHITECT c8000 analyzer</comment>
      <references>
        <reference>
          <reference_text>CALIPER Paediatric Reference Intervals</reference_text>
          <pubmed_id/>
        </reference>
      </references>
    </concentration>
    <concentration>
      <biospecimen>Blood</biospecimen>
      <concentration_value>336.94-579.12</concentration_value>
      <concentration_units>uM</concentration_units>
      <subject_age>Adolescent (13 - &lt;16 years old)</subject_age>
      <subject_sex>Female</subject_sex>
      <subject_condition>Normal</subject_condition>
      <comment>Samples were measured on the Abbott ARCHITECT c8000 analyzer</comment>
      <references>
        <reference>
          <reference_text>CALIPER Paediatric Reference Intervals</reference_text>
          <pubmed_id/>
        </reference>
      </references>
    </concentration>
    <concentration>
      <biospecimen>Blood</biospecimen>
      <concentration_value>305.36-526.47</concentration_value>
      <concentration_units>uM</concentration_units>
      <subject_age>Adolescent (16 - &lt;19 years old)</subject_age>
      <subject_sex>Both</subject_sex>
      <subject_condition>Normal</subject_condition>
      <comment>Samples were measured on the Abbott ARCHITECT c8000 analyzer</comment>
      <references>
        <reference>
          <reference_text>CALIPER Paediatric Reference Intervals</reference_text>
          <pubmed_id/>
        </reference>
      </references>
    </concentration>
    <concentration>
      <biospecimen>Blood</biospecimen>
      <concentration_value>368.53-652.83</concentration_value>
      <concentration_units>uM</concentration_units>
      <subject_age>Adolescent (13 - &lt;16 years old)</subject_age>
      <subject_sex>Male</subject_sex>
      <subject_condition>Normal</subject_condition>
      <comment>Samples were measured on the Abbott ARCHITECT c8000 analyzer</comment>
      <references>
        <reference>
          <reference_text>CALIPER Paediatric Reference Intervals</reference_text>
          <pubmed_id/>
        </reference>
      </references>
    </concentration>
    <concentration>
      <biospecimen>Blood</biospecimen>
      <concentration_value>1100 +/- 190</concentration_value>
      <concentration_units>uM</concentration_units>
      <subject_age>Adult (&gt;18 years old)</subject_age>
      <subject_sex>Both</subject_sex>
      <subject_condition>Normal</subject_condition>
      <references>
        <reference>
          <reference_text>Chodirker BN, Evans JA, Seargeant LE, Cheang MS, Greenberg CR: Hyperphosphatemia in infantile hypophosphatasia: implications for carrier diagnosis and screening. Am J Hum Genet. 1990 Feb;46(2):280-5.</reference_text>
          <pubmed_id>2301398</pubmed_id>
        </reference>
      </references>
    </concentration>
    <concentration>
      <biospecimen>Blood</biospecimen>
      <concentration_value>1200-1960</concentration_value>
      <concentration_units>uM</concentration_units>
      <subject_age>Infant (0-1 year old)</subject_age>
      <subject_sex>Not Specified</subject_sex>
      <subject_condition>Normal</subject_condition>
      <references>
        <reference>
          <reference_text>Sanjad SA, Sakati NA, Abu-Osba YK, Kaddoura R, Milner RD: A new syndrome of congenital hypoparathyroidism, severe growth failure, and dysmorphic features. Arch Dis Child. 1991 Feb;66(2):193-6.</reference_text>
          <pubmed_id>2001103</pubmed_id>
        </reference>
      </references>
    </concentration>
    <concentration>
      <biospecimen>Blood</biospecimen>
      <concentration_value>400.120-684.417</concentration_value>
      <concentration_units>uM</concentration_units>
      <subject_age>Children (1-13 years old)</subject_age>
      <subject_sex>Not Specified</subject_sex>
      <subject_condition>Normal</subject_condition>
      <references>
        <reference>
          <reference_text>Saki F, Karamizadeh Z, Nasirabadi S, Mumm S, McAlister WH, Whyte MP: Juvenile paget's disease in an Iranian kindred with vitamin D deficiency and novel homozygous TNFRSF11B mutation. J Bone Miner Res. 2013 Jun;28(6):1501-8. doi: 10.1002/jbmr.1868.</reference_text>
          <pubmed_id>23322328</pubmed_id>
        </reference>
      </references>
    </concentration>
    <concentration>
      <biospecimen>Blood</biospecimen>
      <concentration_value>1100.0 (810.0-1450.0)</concentration_value>
      <concentration_units>uM</concentration_units>
      <subject_age>Adult (&gt;18 years old)</subject_age>
      <subject_sex>Both</subject_sex>
      <subject_condition>Normal</subject_condition>
      <references>
        <reference>
          <reference_text>Geigy Scientific Tables, 8th Rev edition, pp. 79-81. Edited by C. Lentner, West Cadwell, N.J.: Medical education Div., Ciba-Geigy Corp., Basel, Switzerland c1981-1992.</reference_text>
          <pubmed_id/>
        </reference>
      </references>
    </concentration>
    <concentration>
      <biospecimen>Blood</biospecimen>
      <concentration_value>1200-2000</concentration_value>
      <concentration_units>uM</concentration_units>
      <subject_age>Infant (0-1 year old)</subject_age>
      <subject_sex>Not Specified</subject_sex>
      <subject_condition>Normal</subject_condition>
      <references>
        <reference>
          <reference_text>Charnas LR, Bernardini I, Rader D, Hoeg JM, Gahl WA: Clinical and laboratory findings in the oculocerebrorenal syndrome of Lowe, with special reference to growth and renal function. N Engl J Med. 1991 May 9;324(19):1318-25. doi: 10.1056/NEJM199105093241904.</reference_text>
          <pubmed_id>2017228</pubmed_id>
        </reference>
      </references>
    </concentration>
    <concentration>
      <biospecimen>Blood</biospecimen>
      <concentration_value>1000-2200</concentration_value>
      <concentration_units>uM</concentration_units>
      <subject_age>Children (1-13 years old)</subject_age>
      <subject_sex>Not Specified</subject_sex>
      <subject_condition>Normal</subject_condition>
      <references>
        <reference>
          <reference_text>Charnas LR, Bernardini I, Rader D, Hoeg JM, Gahl WA: Clinical and laboratory findings in the oculocerebrorenal syndrome of Lowe, with special reference to growth and renal function. N Engl J Med. 1991 May 9;324(19):1318-25. doi: 10.1056/NEJM199105093241904.</reference_text>
          <pubmed_id>2017228</pubmed_id>
        </reference>
      </references>
    </concentration>
    <concentration>
      <biospecimen>Feces</biospecimen>
      <concentration_value/>
      <concentration_units/>
      <subject_age>Not Specified</subject_age>
      <subject_sex>Not Specified</subject_sex>
      <subject_condition>Normal</subject_condition>
      <comment>GC-MS on fecal extract</comment>
      <references>
        <reference>
          <reference_text>Gao X, Pujos-Guillot E, Sebedio JL: Development of a quantitative metabolomic approach to study clinical human fecal water metabolome based on trimethylsilylation derivatization and GC/MS analysis. Anal Chem. 2010 Aug 1;82(15):6447-56. doi: 10.1021/ac1006552.</reference_text>
          <pubmed_id>20669995</pubmed_id>
        </reference>
      </references>
    </concentration>
    <concentration>
      <biospecimen>Feces</biospecimen>
      <concentration_value/>
      <concentration_units/>
      <subject_age>Infant (0-1 year old)</subject_age>
      <subject_sex>Both</subject_sex>
      <subject_condition>Normal</subject_condition>
      <comment>By GC-MS on lyophilized fecal samples</comment>
      <references>
        <reference>
          <reference_text>Poroyko V, Morowitz M, Bell T, Ulanov A, Wang M, Donovan S, Bao N, Gu S, Hong L, Alverdy JC, Bergelson J, Liu DC: Diet creates metabolic niches in the &quot;immature gut&quot; that shape microbial communities. Nutr Hosp. 2011 Nov-Dec;26(6):1283-95. doi: 10.1590/S0212-16112011000600015.</reference_text>
          <pubmed_id>22411374</pubmed_id>
        </reference>
      </references>
    </concentration>
    <concentration>
      <biospecimen>Feces</biospecimen>
      <concentration_value/>
      <concentration_units/>
      <subject_age>Infant (0-1 year old)</subject_age>
      <subject_sex>Not Specified</subject_sex>
      <subject_condition>Normal</subject_condition>
      <comment>Breast-fed</comment>
      <references>
        <reference>
          <reference_text>Chow J, Panasevich MR, Alexander D, Vester Boler BM, Rossoni Serao MC, Faber TA, Bauer LL, Fahey GC: Fecal metabolomics of healthy breast-fed versus formula-fed infants before and during in vitro batch culture fermentation. J Proteome Res. 2014 May 2;13(5):2534-42. doi: 10.1021/pr500011w. Epub 2014 Mar 28.</reference_text>
          <pubmed_id>24628373</pubmed_id>
        </reference>
      </references>
    </concentration>
    <concentration>
      <biospecimen>Feces</biospecimen>
      <concentration_value/>
      <concentration_units/>
      <subject_age>Infant (0-1 year old)</subject_age>
      <subject_sex>Not Specified</subject_sex>
      <subject_condition>Normal</subject_condition>
      <comment>formula-fed</comment>
      <references>
        <reference>
          <reference_text>Chow J, Panasevich MR, Alexander D, Vester Boler BM, Rossoni Serao MC, Faber TA, Bauer LL, Fahey GC: Fecal metabolomics of healthy breast-fed versus formula-fed infants before and during in vitro batch culture fermentation. J Proteome Res. 2014 May 2;13(5):2534-42. doi: 10.1021/pr500011w. Epub 2014 Mar 28.</reference_text>
          <pubmed_id>24628373</pubmed_id>
        </reference>
      </references>
    </concentration>
    <concentration>
      <biospecimen>Feces</biospecimen>
      <concentration_value/>
      <concentration_units/>
      <subject_age>Infant (0-1 year old)</subject_age>
      <subject_sex/>
      <subject_condition>Normal</subject_condition>
      <references>
        <reference>
          <reference_text>Chow J, Panasevich MR, Alexander D, Vester Boler BM, Rossoni Serao MC, Faber TA, Bauer LL, Fahey GC: Fecal metabolomics of healthy breast-fed versus formula-fed infants before and during in vitro batch culture fermentation. J Proteome Res. 2014 May 2;13(5):2534-42. doi: 10.1021/pr500011w. Epub 2014 Mar 28.</reference_text>
          <pubmed_id>24628373</pubmed_id>
        </reference>
      </references>
    </concentration>
    <concentration>
      <biospecimen>Feces</biospecimen>
      <concentration_value/>
      <concentration_units/>
      <subject_age>Not Specified</subject_age>
      <subject_sex>Not Specified</subject_sex>
      <subject_condition>Normal</subject_condition>
      <comment>By GC-MS of Cryptosporidium negative faecal samples</comment>
      <references>
        <reference>
          <reference_text>Ng JS, Ryan U, Trengove RD, Maker GL: Development of an untargeted metabolomics method for the analysis of human faecal samples using Cryptosporidium-infected samples. Mol Biochem Parasitol. 2012 Oct;185(2):145-50. doi: 10.1016/j.molbiopara.2012.08.006. Epub 2012 Sep 1.</reference_text>
          <pubmed_id>22944170</pubmed_id>
        </reference>
      </references>
    </concentration>
    <concentration>
      <biospecimen>Feces</biospecimen>
      <concentration_value/>
      <concentration_units/>
      <subject_age>Adult (&gt;18 years old)</subject_age>
      <subject_sex>Both</subject_sex>
      <subject_condition>Normal</subject_condition>
      <comment>Lyophilized feces samples (n=18) were used in the study.  Instrument: LC-MS. Technology specification: UPLC-MS/MS in multiple conditions; authentic standards (metabolon).</comment>
      <references>
        <reference>
          <reference_text>Loftfield E, Vogtmann E, Sampson JN, Moore SC, Nelson H, Knight R, Chia N, Sinha R: Comparison of Collection Methods for Fecal Samples for Discovery Metabolomics in Epidemiologic Studies. Cancer Epidemiol Biomarkers Prev. 2016 Nov;25(11):1483-1490. doi: 10.1158/1055-9965.EPI-16-0409. Epub 2016 Aug 19.</reference_text>
          <pubmed_id>27543620</pubmed_id>
        </reference>
      </references>
    </concentration>
    <concentration>
      <biospecimen>Feces</biospecimen>
      <concentration_value/>
      <concentration_units/>
      <subject_age>Adult (&gt;18 years old)</subject_age>
      <subject_sex>Both</subject_sex>
      <subject_condition>Normal</subject_condition>
      <comment>Lyophilized feces samples (n=102) were used in the study.  Instrument: GC-MS; LC-MS. Technology specification: GC-MS/MS and UPLC-MS/MS in multiple conditions; authentic standards (metabolon).</comment>
      <references>
        <reference>
          <reference_text>Goedert JJ, Sampson JN, Moore SC, Xiao Q, Xiong X, Hayes RB, Ahn J, Shi J, Sinha R: Fecal metabolomics: assay performance and association with colorectal cancer. Carcinogenesis. 2014 Sep;35(9):2089-96. doi: 10.1093/carcin/bgu131. Epub 2014 Jul 18.</reference_text>
          <pubmed_id>25037050</pubmed_id>
        </reference>
      </references>
    </concentration>
    <concentration>
      <biospecimen>Feces</biospecimen>
      <concentration_value/>
      <concentration_units/>
      <subject_age>Adult (&gt;18 years old)</subject_age>
      <subject_sex>Both</subject_sex>
      <subject_condition>Normal</subject_condition>
      <comment>Fecal samples of 786 predominantly female twins of the TwinsUK cohort, aged 65.2 (+/-7.6), with an average BMI of 26.1 (+/-4.7) </comment>
      <references>
        <reference>
          <reference_text>Zierer J, Jackson MA, Kastenmuller G, Mangino M, Long T, Telenti A, Mohney RP, Small KS, Bell JT, Steves CJ, Valdes AM, Spector TD, Menni C: The fecal metabolome as a functional readout of the gut microbiome. Nat Genet. 2018 Jun;50(6):790-795. doi: 10.1038/s41588-018-0135-7. Epub 2018 May  28.</reference_text>
          <pubmed_id>29808030</pubmed_id>
        </reference>
      </references>
    </concentration>
    <concentration>
      <biospecimen>Saliva</biospecimen>
      <concentration_value>27850 +/- 36040</concentration_value>
      <concentration_units>uM</concentration_units>
      <subject_age>Adult (&gt;18 years old)</subject_age>
      <subject_sex>Both</subject_sex>
      <subject_condition>Normal</subject_condition>
      <comment>Before sugar rinse</comment>
      <references>
        <reference>
          <reference_text>Park YD, Jang JH, Oh YJ, Kwon HJ: Analyses of organic acids and inorganic anions and their relationship in human saliva before and after glucose intake. Arch Oral Biol. 2014 Jan;59(1):1-11. doi: 10.1016/j.archoralbio.2013.10.006. Epub 2013 Oct 24.</reference_text>
          <pubmed_id>24246267</pubmed_id>
        </reference>
      </references>
    </concentration>
    <concentration>
      <biospecimen>Saliva</biospecimen>
      <concentration_value>28550 +/- 33790</concentration_value>
      <concentration_units>uM</concentration_units>
      <subject_age>Adult (&gt;18 years old)</subject_age>
      <subject_sex>Both</subject_sex>
      <subject_condition>Normal</subject_condition>
      <comment>5 min after sugar rinse</comment>
      <references>
        <reference>
          <reference_text>Park YD, Jang JH, Oh YJ, Kwon HJ: Analyses of organic acids and inorganic anions and their relationship in human saliva before and after glucose intake. Arch Oral Biol. 2014 Jan;59(1):1-11. doi: 10.1016/j.archoralbio.2013.10.006. Epub 2013 Oct 24.</reference_text>
          <pubmed_id>24246267</pubmed_id>
        </reference>
      </references>
    </concentration>
    <concentration>
      <biospecimen>Saliva</biospecimen>
      <concentration_value>21450 +/- 21020</concentration_value>
      <concentration_units>uM</concentration_units>
      <subject_age>Adult (&gt;18 years old)</subject_age>
      <subject_sex>Both</subject_sex>
      <subject_condition>Normal</subject_condition>
      <comment>10 min after sugar rinse</comment>
      <references>
        <reference>
          <reference_text>Park YD, Jang JH, Oh YJ, Kwon HJ: Analyses of organic acids and inorganic anions and their relationship in human saliva before and after glucose intake. Arch Oral Biol. 2014 Jan;59(1):1-11. doi: 10.1016/j.archoralbio.2013.10.006. Epub 2013 Oct 24.</reference_text>
          <pubmed_id>24246267</pubmed_id>
        </reference>
      </references>
    </concentration>
    <concentration>
      <biospecimen>Saliva</biospecimen>
      <concentration_value>17620 +/- 13800</concentration_value>
      <concentration_units>uM</concentration_units>
      <subject_age>Adult (&gt;18 years old)</subject_age>
      <subject_sex>Both</subject_sex>
      <subject_condition>Normal</subject_condition>
      <comment>20 min after sugar rinse</comment>
      <references>
        <reference>
          <reference_text>Park YD, Jang JH, Oh YJ, Kwon HJ: Analyses of organic acids and inorganic anions and their relationship in human saliva before and after glucose intake. Arch Oral Biol. 2014 Jan;59(1):1-11. doi: 10.1016/j.archoralbio.2013.10.006. Epub 2013 Oct 24.</reference_text>
          <pubmed_id>24246267</pubmed_id>
        </reference>
      </references>
    </concentration>
    <concentration>
      <biospecimen>Saliva</biospecimen>
      <concentration_value>21630 +/- 15830</concentration_value>
      <concentration_units>uM</concentration_units>
      <subject_age>Adult (&gt;18 years old)</subject_age>
      <subject_sex>Both</subject_sex>
      <subject_condition>Normal</subject_condition>
      <comment>30 min after sugar rinse</comment>
      <references>
        <reference>
          <reference_text>Park YD, Jang JH, Oh YJ, Kwon HJ: Analyses of organic acids and inorganic anions and their relationship in human saliva before and after glucose intake. Arch Oral Biol. 2014 Jan;59(1):1-11. doi: 10.1016/j.archoralbio.2013.10.006. Epub 2013 Oct 24.</reference_text>
          <pubmed_id>24246267</pubmed_id>
        </reference>
      </references>
    </concentration>
    <concentration>
      <biospecimen>Saliva</biospecimen>
      <concentration_value>24100 +/- 16390</concentration_value>
      <concentration_units>uM</concentration_units>
      <subject_age>Adult (&gt;18 years old)</subject_age>
      <subject_sex>Both</subject_sex>
      <subject_condition>Normal</subject_condition>
      <comment>45 min after sugar rinse</comment>
      <references>
        <reference>
          <reference_text>Park YD, Jang JH, Oh YJ, Kwon HJ: Analyses of organic acids and inorganic anions and their relationship in human saliva before and after glucose intake. Arch Oral Biol. 2014 Jan;59(1):1-11. doi: 10.1016/j.archoralbio.2013.10.006. Epub 2013 Oct 24.</reference_text>
          <pubmed_id>24246267</pubmed_id>
        </reference>
      </references>
    </concentration>
    <concentration>
      <biospecimen>Saliva</biospecimen>
      <concentration_value>22690 +/- 19270</concentration_value>
      <concentration_units>uM</concentration_units>
      <subject_age>Adult (&gt;18 years old)</subject_age>
      <subject_sex>Both</subject_sex>
      <subject_condition>Normal</subject_condition>
      <comment>60 min after sugar rinse</comment>
      <references>
        <reference>
          <reference_text>Park YD, Jang JH, Oh YJ, Kwon HJ: Analyses of organic acids and inorganic anions and their relationship in human saliva before and after glucose intake. Arch Oral Biol. 2014 Jan;59(1):1-11. doi: 10.1016/j.archoralbio.2013.10.006. Epub 2013 Oct 24.</reference_text>
          <pubmed_id>24246267</pubmed_id>
        </reference>
      </references>
    </concentration>
    <concentration>
      <biospecimen>Saliva</biospecimen>
      <concentration_value/>
      <concentration_units/>
      <subject_age>Adult (&gt;18 years old)</subject_age>
      <subject_sex>Male</subject_sex>
      <subject_condition>Normal</subject_condition>
      <comment>Saliva samples were collected after 1 hour of wakefulness</comment>
      <references>
        <reference>
          <reference_text>Dallmann R, Viola AU, Tarokh L, Cajochen C, Brown SA: The human circadian metabolome. Proc Natl Acad Sci U S A. 2012 Feb 14;109(7):2625-9. doi: 10.1073/pnas.1114410109. Epub 2012 Jan 31.</reference_text>
          <pubmed_id>22308371</pubmed_id>
        </reference>
      </references>
    </concentration>
    <concentration>
      <biospecimen>Saliva</biospecimen>
      <concentration_value/>
      <concentration_units/>
      <subject_age>Adult (&gt;18 years old)</subject_age>
      <subject_sex>Male</subject_sex>
      <subject_condition>Normal</subject_condition>
      <comment>Saliva samples were collected after 13 hours of wakefulness</comment>
      <references>
        <reference>
          <reference_text>Dallmann R, Viola AU, Tarokh L, Cajochen C, Brown SA: The human circadian metabolome. Proc Natl Acad Sci U S A. 2012 Feb 14;109(7):2625-9. doi: 10.1073/pnas.1114410109. Epub 2012 Jan 31.</reference_text>
          <pubmed_id>22308371</pubmed_id>
        </reference>
      </references>
    </concentration>
    <concentration>
      <biospecimen>Saliva</biospecimen>
      <concentration_value/>
      <concentration_units/>
      <subject_age>Adult (&gt;18 years old)</subject_age>
      <subject_sex>Male</subject_sex>
      <subject_condition>Normal</subject_condition>
      <comment>Saliva samples were collected after 17 hours of wakefulness</comment>
      <references>
        <reference>
          <reference_text>Dallmann R, Viola AU, Tarokh L, Cajochen C, Brown SA: The human circadian metabolome. Proc Natl Acad Sci U S A. 2012 Feb 14;109(7):2625-9. doi: 10.1073/pnas.1114410109. Epub 2012 Jan 31.</reference_text>
          <pubmed_id>22308371</pubmed_id>
        </reference>
      </references>
    </concentration>
    <concentration>
      <biospecimen>Saliva</biospecimen>
      <concentration_value/>
      <concentration_units/>
      <subject_age>Adult (&gt;18 years old)</subject_age>
      <subject_sex>Male</subject_sex>
      <subject_condition>Normal</subject_condition>
      <comment>Saliva samples were collected after 21 hours of wakefulness</comment>
      <references>
        <reference>
          <reference_text>Dallmann R, Viola AU, Tarokh L, Cajochen C, Brown SA: The human circadian metabolome. Proc Natl Acad Sci U S A. 2012 Feb 14;109(7):2625-9. doi: 10.1073/pnas.1114410109. Epub 2012 Jan 31.</reference_text>
          <pubmed_id>22308371</pubmed_id>
        </reference>
      </references>
    </concentration>
    <concentration>
      <biospecimen>Saliva</biospecimen>
      <concentration_value/>
      <concentration_units/>
      <subject_age>Adult (&gt;18 years old)</subject_age>
      <subject_sex>Male</subject_sex>
      <subject_condition>Normal</subject_condition>
      <comment>Saliva samples were collected after 25 hours of wakefulness</comment>
      <references>
        <reference>
          <reference_text>Dallmann R, Viola AU, Tarokh L, Cajochen C, Brown SA: The human circadian metabolome. Proc Natl Acad Sci U S A. 2012 Feb 14;109(7):2625-9. doi: 10.1073/pnas.1114410109. Epub 2012 Jan 31.</reference_text>
          <pubmed_id>22308371</pubmed_id>
        </reference>
      </references>
    </concentration>
    <concentration>
      <biospecimen>Saliva</biospecimen>
      <concentration_value/>
      <concentration_units/>
      <subject_age>Adult (&gt;18 years old)</subject_age>
      <subject_sex>Male</subject_sex>
      <subject_condition>Normal</subject_condition>
      <comment>Saliva samples were collected after 29 hours of wakefulness</comment>
      <references>
        <reference>
          <reference_text>Dallmann R, Viola AU, Tarokh L, Cajochen C, Brown SA: The human circadian metabolome. Proc Natl Acad Sci U S A. 2012 Feb 14;109(7):2625-9. doi: 10.1073/pnas.1114410109. Epub 2012 Jan 31.</reference_text>
          <pubmed_id>22308371</pubmed_id>
        </reference>
      </references>
    </concentration>
    <concentration>
      <biospecimen>Saliva</biospecimen>
      <concentration_value/>
      <concentration_units/>
      <subject_age>Adult (&gt;18 years old)</subject_age>
      <subject_sex>Male</subject_sex>
      <subject_condition>Normal</subject_condition>
      <comment>Saliva samples were collected after 33 hours of wakefulness</comment>
      <references>
        <reference>
          <reference_text>Dallmann R, Viola AU, Tarokh L, Cajochen C, Brown SA: The human circadian metabolome. Proc Natl Acad Sci U S A. 2012 Feb 14;109(7):2625-9. doi: 10.1073/pnas.1114410109. Epub 2012 Jan 31.</reference_text>
          <pubmed_id>22308371</pubmed_id>
        </reference>
      </references>
    </concentration>
    <concentration>
      <biospecimen>Saliva</biospecimen>
      <concentration_value/>
      <concentration_units/>
      <subject_age>Adult (&gt;18 years old)</subject_age>
      <subject_sex>Male</subject_sex>
      <subject_condition>Normal</subject_condition>
      <comment>Saliva samples were collected after 37 hours of wakefulness</comment>
      <references>
        <reference>
          <reference_text>Dallmann R, Viola AU, Tarokh L, Cajochen C, Brown SA: The human circadian metabolome. Proc Natl Acad Sci U S A. 2012 Feb 14;109(7):2625-9. doi: 10.1073/pnas.1114410109. Epub 2012 Jan 31.</reference_text>
          <pubmed_id>22308371</pubmed_id>
        </reference>
      </references>
    </concentration>
    <concentration>
      <biospecimen>Saliva</biospecimen>
      <concentration_value/>
      <concentration_units/>
      <subject_age>Adult (&gt;18 years old)</subject_age>
      <subject_sex>Male</subject_sex>
      <subject_condition>Normal</subject_condition>
      <comment>Saliva samples were collected after 5 hours of wakefulness</comment>
      <references>
        <reference>
          <reference_text>Dallmann R, Viola AU, Tarokh L, Cajochen C, Brown SA: The human circadian metabolome. Proc Natl Acad Sci U S A. 2012 Feb 14;109(7):2625-9. doi: 10.1073/pnas.1114410109. Epub 2012 Jan 31.</reference_text>
          <pubmed_id>22308371</pubmed_id>
        </reference>
      </references>
    </concentration>
    <concentration>
      <biospecimen>Saliva</biospecimen>
      <concentration_value/>
      <concentration_units/>
      <subject_age>Adult (&gt;18 years old)</subject_age>
      <subject_sex>Male</subject_sex>
      <subject_condition>Normal</subject_condition>
      <comment>Saliva samples were collected after 9 hours of wakefulness</comment>
      <references>
        <reference>
          <reference_text>Dallmann R, Viola AU, Tarokh L, Cajochen C, Brown SA: The human circadian metabolome. Proc Natl Acad Sci U S A. 2012 Feb 14;109(7):2625-9. doi: 10.1073/pnas.1114410109. Epub 2012 Jan 31.</reference_text>
          <pubmed_id>22308371</pubmed_id>
        </reference>
      </references>
    </concentration>
    <concentration>
      <biospecimen>Saliva</biospecimen>
      <concentration_value>2787.81 +/- 1528.51</concentration_value>
      <concentration_units>uM</concentration_units>
      <subject_age>Adult (&gt;18 years old)</subject_age>
      <subject_sex>Both</subject_sex>
      <subject_condition>Normal</subject_condition>
      <references>
        <reference>
          <reference_text>Zerihun T. Dame, Farid Aziat, Rupasri Mandal, Ram Krishnamurthy, Souhaila Bouatra, Shima Borzouie, An Chi Guo, Tanvir Sajed, Lu Deng, Hong Lin, Philip Liu, Edison Dong, David S. Wishart &quot;The human saliva metabolome&quot; Metabolomics (2015) DOI 10.1007/s11306-015-0840-5</reference_text>
          <pubmed_id/>
        </reference>
      </references>
    </concentration>
    <concentration>
      <biospecimen>Sweat</biospecimen>
      <concentration_value/>
      <concentration_units/>
      <subject_age>Adult </subject_age>
      <subject_sex>Both</subject_sex>
      <subject_condition>Normal</subject_condition>
      <references>
        <reference>
          <reference_text>Delgado-Povedano MM, Calderon-Santiago M, Priego-Capote F, Luque de Castro MD: Development of a method for enhancing metabolomics coverage of human sweat by gas chromatography-mass spectrometry in high resolution mode. Anal Chim Acta. 2016 Jan 28;905:115-25. doi: 10.1016/j.aca.2015.11.048. Epub 2015 Dec 17.</reference_text>
          <pubmed_id>26755145</pubmed_id>
        </reference>
      </references>
    </concentration>
    <concentration>
      <biospecimen>Urine</biospecimen>
      <concentration_value>784 (425-1170)</concentration_value>
      <concentration_units>umol/mmol creatinine</concentration_units>
      <subject_age>Adult (&gt;18 years old)</subject_age>
      <subject_sex>Both</subject_sex>
      <subject_condition>Normal</subject_condition>
      <comment>Urine compound detected by GC-MS</comment>
      <references>
        <reference>
          <reference_text>Bouatra S, Aziat F, Mandal R, Guo AC, Wilson MR, Knox C, Bjorndahl TC, Krishnamurthy R, Saleem F, Liu P, Dame ZT, Poelzer J, Huynh J, Yallou FS, Psychogios N, Dong E, Bogumil R, Roehring C, Wishart DS: The human urine metabolome. PLoS One. 2013 Sep 4;8(9):e73076. doi: 10.1371/journal.pone.0073076. eCollection  2013.</reference_text>
          <pubmed_id>24023812</pubmed_id>
        </reference>
      </references>
    </concentration>
    <concentration>
      <biospecimen>Urine</biospecimen>
      <concentration_value>1000-4900</concentration_value>
      <concentration_units>umol/mmol creatinine</concentration_units>
      <subject_age>Adult (&gt;18 years old)</subject_age>
      <subject_sex>Both</subject_sex>
      <subject_condition>Normal</subject_condition>
      <references>
        <reference>
          <reference_text>Great Plains Laboratory Reference Values (Males &gt;13)</reference_text>
          <pubmed_id/>
        </reference>
      </references>
    </concentration>
    <concentration>
      <biospecimen>Urine</biospecimen>
      <concentration_value>1364.27 +/- 915.27</concentration_value>
      <concentration_units>umol/mmol creatinine</concentration_units>
      <subject_age>Infant (0-1 year old)</subject_age>
      <subject_sex>Both</subject_sex>
      <subject_condition>Normal</subject_condition>
      <references>
        <reference>
          <reference_text>Shoemaker JD, Elliott WH: Automated screening of urine samples for carbohydrates, organic and amino acids after treatment with urease. J Chromatogr. 1991 Jan 2;562(1-2):125-38.</reference_text>
          <pubmed_id>2026685</pubmed_id>
        </reference>
      </references>
    </concentration>
    <concentration>
      <biospecimen>Urine</biospecimen>
      <concentration_value/>
      <concentration_units/>
      <subject_age>Adult (&gt;18 years old)</subject_age>
      <subject_sex>Both</subject_sex>
      <subject_condition>Normal</subject_condition>
      <references>
        <reference>
          <reference_text>Zhou Y, Song R, Ma C, Zhou L, Liu X, Yin P, Zhang Z, Sun Y, Xu C, Lu X, Xu G: Discovery and validation of potential urinary biomarkers for bladder cancer diagnosis using a pseudotargeted GC-MS metabolomics method. Oncotarget. 2017 Mar 28;8(13):20719-20728. doi: 10.18632/oncotarget.14988.</reference_text>
          <pubmed_id>28157703</pubmed_id>
        </reference>
      </references>
    </concentration>
  </normal_concentrations><abnormal_concentrations>
    <concentration>
      <biospecimen>Blood</biospecimen>
      <concentration_value>450 +/- 30</concentration_value>
      <concentration_units>uM</concentration_units>
      <patient_age>Adult (&gt;18 years old)</patient_age>
      <patient_sex>Not Specified</patient_sex>
      <patient_information>Hypophosphatemia</patient_information>
      <comment>Moderate
</comment>
      <references>
        <reference>
          <reference_text>Amanzadeh J, Reilly RF Jr: Hypophosphatemia: an evidence-based approach to its clinical consequences and management. Nat Clin Pract Nephrol. 2006 Mar;2(3):136-48.</reference_text>
          <pubmed_id>16932412</pubmed_id>
        </reference>
      </references>
    </concentration>
    <concentration>
      <biospecimen>Blood</biospecimen>
      <concentration_value>290 +/- 50</concentration_value>
      <concentration_units>uM</concentration_units>
      <patient_age>Adult (&gt;18 years old)</patient_age>
      <patient_sex>Not Specified</patient_sex>
      <patient_information>Hypophosphatemia</patient_information>
      <comment>Severe
</comment>
      <references>
        <reference>
          <reference_text>Amanzadeh J, Reilly RF Jr: Hypophosphatemia: an evidence-based approach to its clinical consequences and management. Nat Clin Pract Nephrol. 2006 Mar;2(3):136-48.</reference_text>
          <pubmed_id>16932412</pubmed_id>
        </reference>
      </references>
    </concentration>
    <concentration>
      <biospecimen>Blood</biospecimen>
      <concentration_value>2800</concentration_value>
      <concentration_units>uM</concentration_units>
      <patient_age>Infant (0-1 year old)</patient_age>
      <patient_sex>Female</patient_sex>
      <patient_information>Pyroglutamic aciduria</patient_information>
      <references>
        <reference>
          <reference_text>Calpena E, Casado M, Martinez-Rubio D, Nascimento A, Colomer J, Gargallo E, Garcia-Cazorla A, Palau F, Artuch R, Espinos C: 5-Oxoprolinuria in Heterozygous Patients for 5-Oxoprolinase (OPLAH) Missense Changes. JIMD Rep. 2013;7:123-8. doi: 10.1007/8904_2012_166. Epub 2012 Jul 6.</reference_text>
          <pubmed_id>23430506</pubmed_id>
        </reference>
      </references>
    </concentration>
    <concentration>
      <biospecimen>Blood</biospecimen>
      <concentration_value>653.0 +/- 126.0</concentration_value>
      <concentration_units>uM</concentration_units>
      <patient_age>Adult (&gt;18 years old)</patient_age>
      <patient_sex>Both</patient_sex>
      <patient_information>Hemodialysis</patient_information>
      <references>
        <reference>
          <reference_text>Oikawa O, Higuchi T, Yamazaki T, Yamamoto C, Fukuda N, Matsumoto K: Evaluation of serum fetuin-A relationships with biochemical parameters in patients on hemodialysis. Clin Exp Nephrol. 2007 Dec;11(4):304-8. Epub 2007 Dec 21.</reference_text>
          <pubmed_id>18085392</pubmed_id>
        </reference>
      </references>
    </concentration>
    <concentration>
      <biospecimen>Blood</biospecimen>
      <concentration_value>2700-4700</concentration_value>
      <concentration_units>uM</concentration_units>
      <patient_age>Infant (0-1 year old)</patient_age>
      <patient_sex>Both</patient_sex>
      <patient_information>Hypoparathyroidism-retardation-dysmorphism syndrome</patient_information>
      <references>
        <reference>
          <reference_text>Sanjad SA, Sakati NA, Abu-Osba YK, Kaddoura R, Milner RD: A new syndrome of congenital hypoparathyroidism, severe growth failure, and dysmorphic features. Arch Dis Child. 1991 Feb;66(2):193-6.</reference_text>
          <pubmed_id>2001103</pubmed_id>
        </reference>
      </references>
    </concentration>
    <concentration>
      <biospecimen>Blood</biospecimen>
      <concentration_value>1300 +/- 170</concentration_value>
      <concentration_units>uM</concentration_units>
      <patient_age>Adult (&gt;18 years old)</patient_age>
      <patient_sex>Both</patient_sex>
      <patient_information>Hypophosphatasia, infantile</patient_information>
      <comment>Significantly higher than control, p&lt;0.0001</comment>
      <references>
        <reference>
          <reference_text>Chodirker BN, Evans JA, Seargeant LE, Cheang MS, Greenberg CR: Hyperphosphatemia in infantile hypophosphatasia: implications for carrier diagnosis and screening. Am J Hum Genet. 1990 Feb;46(2):280-5.</reference_text>
          <pubmed_id>2301398</pubmed_id>
        </reference>
      </references>
    </concentration>
    <concentration>
      <biospecimen>Blood</biospecimen>
      <concentration_value>126.354</concentration_value>
      <concentration_units>uM</concentration_units>
      <patient_age>Adult (&gt;18 years old)</patient_age>
      <patient_sex>Female</patient_sex>
      <patient_information>Fanconi syndrome</patient_information>
      <references>
        <reference>
          <reference_text>Cheng HM, Jap TS, Ho LT: Fanconi syndrome: report of a case. J Formos Med Assoc. 1990 Dec;89(12):1115-7.</reference_text>
          <pubmed_id>1982686</pubmed_id>
        </reference>
      </references>
    </concentration>
    <concentration>
      <biospecimen>Blood</biospecimen>
      <concentration_value>315.885</concentration_value>
      <concentration_units>uM</concentration_units>
      <patient_age>Children (1-13 years old)</patient_age>
      <patient_sex>Female</patient_sex>
      <patient_information>Hyperphosphatasia</patient_information>
      <references>
        <reference>
          <reference_text>Saki F, Karamizadeh Z, Nasirabadi S, Mumm S, McAlister WH, Whyte MP: Juvenile paget's disease in an Iranian kindred with vitamin D deficiency and novel homozygous TNFRSF11B mutation. J Bone Miner Res. 2013 Jun;28(6):1501-8. doi: 10.1002/jbmr.1868.</reference_text>
          <pubmed_id>23322328</pubmed_id>
        </reference>
      </references>
    </concentration>
    <concentration>
      <biospecimen>Blood</biospecimen>
      <concentration_value>270 (0-540)</concentration_value>
      <concentration_units>uM</concentration_units>
      <patient_age>Adult (&gt;18 years old)</patient_age>
      <patient_sex>Not Specified</patient_sex>
      <patient_information>Hypophosphatemia</patient_information>
      <comment>Associated with hemolytic anemia
</comment>
      <references>
        <reference>
          <reference_text>Amanzadeh J, Reilly RF Jr: Hypophosphatemia: an evidence-based approach to its clinical consequences and management. Nat Clin Pract Nephrol. 2006 Mar;2(3):136-48.</reference_text>
          <pubmed_id>16932412</pubmed_id>
        </reference>
      </references>
    </concentration>
    <concentration>
      <biospecimen>Blood</biospecimen>
      <concentration_value>610 +/- 130</concentration_value>
      <concentration_units>uM</concentration_units>
      <patient_age>Adult (&gt;18 years old)</patient_age>
      <patient_sex>Not Specified</patient_sex>
      <patient_information>Hypophosphatemia</patient_information>
      <comment>Associated with respiratory failure
</comment>
      <references>
        <reference>
          <reference_text>Amanzadeh J, Reilly RF Jr: Hypophosphatemia: an evidence-based approach to its clinical consequences and management. Nat Clin Pract Nephrol. 2006 Mar;2(3):136-48.</reference_text>
          <pubmed_id>16932412</pubmed_id>
        </reference>
      </references>
    </concentration>
    <concentration>
      <biospecimen>Blood</biospecimen>
      <concentration_value>1700-2000</concentration_value>
      <concentration_units>uM</concentration_units>
      <patient_age>Infant (0-1 year old)</patient_age>
      <patient_sex>Not Specified</patient_sex>
      <patient_information>Oculocerebrorenal Syndrome of Lowe</patient_information>
      <references>
        <reference>
          <reference_text>Charnas LR, Bernardini I, Rader D, Hoeg JM, Gahl WA: Clinical and laboratory findings in the oculocerebrorenal syndrome of Lowe, with special reference to growth and renal function. N Engl J Med. 1991 May 9;324(19):1318-25. doi: 10.1056/NEJM199105093241904.</reference_text>
          <pubmed_id>2017228</pubmed_id>
        </reference>
      </references>
    </concentration>
    <concentration>
      <biospecimen>Blood</biospecimen>
      <concentration_value>900-2000</concentration_value>
      <concentration_units>uM</concentration_units>
      <patient_age>Children (1-13 years old)</patient_age>
      <patient_sex>Not Specified</patient_sex>
      <patient_information>Oculocerebrorenal Syndrome of Lowe</patient_information>
      <references>
        <reference>
          <reference_text>Charnas LR, Bernardini I, Rader D, Hoeg JM, Gahl WA: Clinical and laboratory findings in the oculocerebrorenal syndrome of Lowe, with special reference to growth and renal function. N Engl J Med. 1991 May 9;324(19):1318-25. doi: 10.1056/NEJM199105093241904.</reference_text>
          <pubmed_id>2017228</pubmed_id>
        </reference>
      </references>
    </concentration>
    <concentration>
      <biospecimen>Blood</biospecimen>
      <concentration_value>800-1400</concentration_value>
      <concentration_units>uM</concentration_units>
      <patient_age>Adolescent (13-18 years old)</patient_age>
      <patient_sex>Not Specified</patient_sex>
      <patient_information>Oculocerebrorenal Syndrome of Lowe</patient_information>
      <references>
        <reference>
          <reference_text>Charnas LR, Bernardini I, Rader D, Hoeg JM, Gahl WA: Clinical and laboratory findings in the oculocerebrorenal syndrome of Lowe, with special reference to growth and renal function. N Engl J Med. 1991 May 9;324(19):1318-25. doi: 10.1056/NEJM199105093241904.</reference_text>
          <pubmed_id>2017228</pubmed_id>
        </reference>
      </references>
    </concentration>
    <concentration>
      <biospecimen>Blood</biospecimen>
      <concentration_value>1000-1300</concentration_value>
      <concentration_units>uM</concentration_units>
      <patient_age>Adult (&gt;18 years old)</patient_age>
      <patient_sex>Not Specified</patient_sex>
      <patient_information>Oculocerebrorenal Syndrome of Lowe</patient_information>
      <references>
        <reference>
          <reference_text>Charnas LR, Bernardini I, Rader D, Hoeg JM, Gahl WA: Clinical and laboratory findings in the oculocerebrorenal syndrome of Lowe, with special reference to growth and renal function. N Engl J Med. 1991 May 9;324(19):1318-25. doi: 10.1056/NEJM199105093241904.</reference_text>
          <pubmed_id>2017228</pubmed_id>
        </reference>
      </references>
    </concentration>
    <concentration>
      <biospecimen>Blood</biospecimen>
      <concentration_value>231.649</concentration_value>
      <concentration_units>uM</concentration_units>
      <patient_age>Adult (&gt;18 years old)</patient_age>
      <patient_sex>Male</patient_sex>
      <patient_information>Bartter Syndrome, Type 4A, Neonatal, with Sensorineural Deafness</patient_information>
      <comment>n=1</comment>
      <references>
        <reference>
          <reference_text>Heilberg IP, Totoli C, Calado JT: Adult presentation of Bartter syndrome type IV with erythrocytosis. Einstein (Sao Paulo). 2015 Oct-Dec;13(4):604-6. doi: 10.1590/S1679-45082015RC3013. Epub 2015 Oct 30.</reference_text>
          <pubmed_id>26537508</pubmed_id>
        </reference>
      </references>
    </concentration>
    <concentration>
      <biospecimen>Feces</biospecimen>
      <concentration_value/>
      <concentration_units/>
      <patient_age>Adult (&gt;18 years old)</patient_age>
      <patient_sex>Both</patient_sex>
      <patient_information>Colorectal cancer</patient_information>
      <comment>Lyophilized feces samples (n=131) were used in the study. Instrument: GC-MS; LC-MS. Technology specification: GC-MS/MS and UPLC-MS/MS in multiple conditions; authentic standards (metabolon).</comment>
      <references>
        <reference>
          <reference_text>Sinha R, Ahn J, Sampson JN, Shi J, Yu G, Xiong X, Hayes RB, Goedert JJ: Fecal Microbiota, Fecal Metabolome, and Colorectal Cancer Interrelations. PLoS One. 2016 Mar 25;11(3):e0152126. doi: 10.1371/journal.pone.0152126. eCollection 2016.</reference_text>
          <pubmed_id>27015276</pubmed_id>
        </reference>
      </references>
    </concentration>
    <concentration>
      <biospecimen>Feces</biospecimen>
      <concentration_value/>
      <concentration_units/>
      <patient_age>Adult (&gt;18 years old)</patient_age>
      <patient_sex>Both</patient_sex>
      <patient_information>Colorectal cancer</patient_information>
      <comment>Lyophilized feces samples (n=48) were used in the study.  Instrument: GC-MS; LC-MS. Technology specification: GC-MS/MS and UPLC-MS/MS in multiple conditions; authentic standards (metabolon).</comment>
      <references>
        <reference>
          <reference_text>Goedert JJ, Sampson JN, Moore SC, Xiao Q, Xiong X, Hayes RB, Ahn J, Shi J, Sinha R: Fecal metabolomics: assay performance and association with colorectal cancer. Carcinogenesis. 2014 Sep;35(9):2089-96. doi: 10.1093/carcin/bgu131. Epub 2014 Jul 18.</reference_text>
          <pubmed_id>25037050</pubmed_id>
        </reference>
      </references>
    </concentration>
    <concentration>
      <biospecimen>Feces</biospecimen>
      <concentration_value/>
      <concentration_units/>
      <patient_age>Not Specified</patient_age>
      <patient_sex>Not Specified</patient_sex>
      <patient_information>Cryptosporidium infection</patient_information>
      <comment>By GC-MS of Cryptosporidium positive faecal samples</comment>
      <references>
        <reference>
          <reference_text>Ng JS, Ryan U, Trengove RD, Maker GL: Development of an untargeted metabolomics method for the analysis of human faecal samples using Cryptosporidium-infected samples. Mol Biochem Parasitol. 2012 Oct;185(2):145-50. doi: 10.1016/j.molbiopara.2012.08.006. Epub 2012 Sep 1.</reference_text>
          <pubmed_id>22944170</pubmed_id>
        </reference>
      </references>
    </concentration>
    <concentration>
      <biospecimen>Feces</biospecimen>
      <concentration_value/>
      <concentration_units/>
      <patient_age>Adult (&gt;18 years old)</patient_age>
      <patient_sex>Both</patient_sex>
      <patient_information>Colorectal Cancer</patient_information>
      <references>
        <reference>
          <reference_text>Brown DG, Rao S, Weir TL, O'Malia J, Bazan M, Brown RJ, Ryan EP: Metabolomics and metabolic pathway networks from human colorectal cancers, adjacent mucosa, and stool. Cancer Metab. 2016 Jun 6;4:11. doi: 10.1186/s40170-016-0151-y. eCollection 2016.</reference_text>
          <pubmed_id>27275383</pubmed_id>
        </reference>
      </references>
    </concentration>
    <concentration>
      <biospecimen>Saliva</biospecimen>
      <concentration_value/>
      <concentration_units/>
      <patient_age>Adult (&gt;18 years old)</patient_age>
      <patient_sex>Male</patient_sex>
      <patient_information>Supragingival Plaque</patient_information>
      <comment/>
      <references>
        <reference>
          <reference_text>Liebsch C, Pitchika V, Pink C, Samietz S, Kastenmuller G, Artati A, Suhre K, Adamski J, Nauck M, Volzke H, Friedrich N, Kocher T, Holtfreter B, Pietzner M: The Saliva Metabolome in Association to Oral Health Status. J Dent Res. 2019 Jun;98(6):642-651. doi: 10.1177/0022034519842853. Epub 2019 Apr  26.</reference_text>
          <pubmed_id>31026179</pubmed_id>
        </reference>
      </references>
    </concentration>
    <concentration>
      <biospecimen>Urine</biospecimen>
      <concentration_value/>
      <concentration_units/>
      <patient_age>Adult (&gt;18 years old)</patient_age>
      <patient_sex>Both</patient_sex>
      <patient_information>Bladder cancer</patient_information>
      <references>
        <reference>
          <reference_text>Zhou Y, Song R, Ma C, Zhou L, Liu X, Yin P, Zhang Z, Sun Y, Xu C, Lu X, Xu G: Discovery and validation of potential urinary biomarkers for bladder cancer diagnosis using a pseudotargeted GC-MS metabolomics method. Oncotarget. 2017 Mar 28;8(13):20719-20728. doi: 10.18632/oncotarget.14988.</reference_text>
          <pubmed_id>28157703</pubmed_id>
        </reference>
      </references>
    </concentration>
  </abnormal_concentrations><diseases>
    <disease>
      <name>Hemodialysis</name>
      <omim_id/>
      <references>
        <reference>
          <reference_text>Hung SC, Hung SH, Tarng DC, Yang WC, Chen TW, Huang TP: Thiamine deficiency and unexplained encephalopathy in hemodialysis and peritoneal dialysis patients. Am J Kidney Dis. 2001 Nov;38(5):941-7.</reference_text>
          <pubmed_id>11684545</pubmed_id>
        </reference>
        <reference>
          <reference_text>Gill DS, Fonseca VA, Barradas MA, Balliod R, Moorhead JF, Dandona P: Plasma histamine in patients with chronic renal failure and nephrotic syndrome. J Clin Pathol. 1991 Mar;44(3):243-5.</reference_text>
          <pubmed_id>2013627</pubmed_id>
        </reference>
        <reference>
          <reference_text>Pawlak D, Pawlak K, Malyszko J, Mysliwiec M, Buczko W: Accumulation of toxic products degradation of kynurenine in hemodialyzed patients. Int Urol Nephrol. 2001;33(2):399-404.</reference_text>
          <pubmed_id>12092667</pubmed_id>
        </reference>
        <reference>
          <reference_text>Ogawa Y, Machida N, Jahana M, Gakiya M, Chinen Y, Oda M, Morozumi M, Sugaya K: Major factors modulating the serum oxalic acid level in hemodialysis patients. Front Biosci. 2004 Sep 1;9:2901-8.</reference_text>
          <pubmed_id>15353324</pubmed_id>
        </reference>
        <reference>
          <reference_text>Raj DS, Ouwendyk M, Francoeur R, Pierratos A: Plasma amino acid profile on nocturnal hemodialysis. Blood Purif. 2000;18(2):97-102.</reference_text>
          <pubmed_id>10838467</pubmed_id>
        </reference>
        <reference>
          <reference_text>Cabral PC, Diniz Ada S, de Arruda IK: Vitamin A and zinc status in patients on maintenance haemodialysis. Nephrology (Carlton). 2005 Oct;10(5):459-63.</reference_text>
          <pubmed_id>16221095</pubmed_id>
        </reference>
        <reference>
          <reference_text>Oikawa O, Higuchi T, Yamazaki T, Yamamoto C, Fukuda N, Matsumoto K: Evaluation of serum fetuin-A relationships with biochemical parameters in patients on hemodialysis. Clin Exp Nephrol. 2007 Dec;11(4):304-8. Epub 2007 Dec 21.</reference_text>
          <pubmed_id>18085392</pubmed_id>
        </reference>
        <reference>
          <reference_text>Pollack GM, Buchanan JF, Slaughter RL, Kohli RK, Shen DD: Circulating concentrations of di(2-ethylhexyl) phthalate and its de-esterified phthalic acid products following plasticizer exposure in patients receiving hemodialysis. Toxicol Appl Pharmacol. 1985 Jun 30;79(2):257-67.</reference_text>
          <pubmed_id>4002227</pubmed_id>
        </reference>
        <reference>
          <reference_text>De Smet R, Van Kaer J, Liebich H, Lesaffer G, Verstraete A, Dhondt A, Duym P, Lameire N, Vanholder R: Heparin-induced release of protein-bound solutes during hemodialysis is an in vitro artifact. Clin Chem. 2001 May;47(5):901-9.</reference_text>
          <pubmed_id>11325895</pubmed_id>
        </reference>
        <reference>
          <reference_text>Jankowski J, Jankowski V, Laufer U, van der Giet M, Henning L, Tepel M, Zidek W, Schluter H: Identification and quantification of diadenosine polyphosphate concentrations in human plasma. Arterioscler Thromb Vasc Biol. 2003 Jul 1;23(7):1231-8. Epub 2003 May 8.</reference_text>
          <pubmed_id>12738682</pubmed_id>
        </reference>
        <reference>
          <reference_text>Pham NM, Recht NS, Hostetter TH, Meyer TW: Removal of the protein-bound solutes indican and p-cresol sulfate by peritoneal dialysis. Clin J Am Soc Nephrol. 2008 Jan;3(1):85-90. Epub 2007 Nov 28.</reference_text>
          <pubmed_id>18045861</pubmed_id>
        </reference>
        <reference>
          <reference_text>McGregor DO, Dellow WJ, Lever M, George PM, Robson RA, Chambers ST: Dimethylglycine accumulates in uremia and predicts elevated plasma homocysteine concentrations. Kidney Int. 2001 Jun;59(6):2267-72.</reference_text>
          <pubmed_id>11380830</pubmed_id>
        </reference>
      </references>
    </disease>
    <disease>
      <name>Hypophosphatemia</name>
      <omim_id/>
      <references>
        <reference>
          <reference_text>Amanzadeh J, Reilly RF Jr: Hypophosphatemia: an evidence-based approach to its clinical consequences and management. Nat Clin Pract Nephrol. 2006 Mar;2(3):136-48.</reference_text>
          <pubmed_id>16932412</pubmed_id>
        </reference>
      </references>
    </disease>
    <disease>
      <name>Bartter Syndrome, Type 4A, Neonatal, with Sensorineural Deafness</name>
      <omim_id>602522</omim_id>
      <references>
        <reference>
          <reference_text>Zaffanello M, Taranta A, Palma A, Bettinelli A, Marseglia GL, Emma F: Type IV Bartter syndrome: report of two new cases. Pediatr Nephrol. 2006 Jun;21(6):766-70. doi: 10.1007/s00467-006-0090-x. Epub 2006 Apr 1.</reference_text>
          <pubmed_id>16583241</pubmed_id>
        </reference>
        <reference>
          <reference_text>Heilberg IP, Totoli C, Calado JT: Adult presentation of Bartter syndrome type IV with erythrocytosis. Einstein (Sao Paulo). 2015 Oct-Dec;13(4):604-6. doi: 10.1590/S1679-45082015RC3013. Epub 2015 Oct 30.</reference_text>
          <pubmed_id>26537508</pubmed_id>
        </reference>
      </references>
    </disease>
    <disease>
      <name>Fanconi syndrome</name>
      <omim_id/>
      <references>
        <reference>
          <reference_text>Jonas AJ, Lin SN, Conley SB, Schneider JA, Williams JC, Caprioli RC: Urine glyceraldehyde excretion is elevated in the renal Fanconi syndrome. Kidney Int. 1989 Jan;35(1):99-104.</reference_text>
          <pubmed_id>2709665</pubmed_id>
        </reference>
        <reference>
          <reference_text>Cheng HM, Jap TS, Ho LT: Fanconi syndrome: report of a case. J Formos Med Assoc. 1990 Dec;89(12):1115-7.</reference_text>
          <pubmed_id>1982686</pubmed_id>
        </reference>
        <reference>
          <reference_text>McSherry E, Sebastian A, Morris RC Jr: Renal tubular acidosis in infants: the several kinds, including bicarbonate-wasting, classic renal tubular acidosis. J Clin Invest. 1972 Mar;51(3):499-514.</reference_text>
          <pubmed_id>5011097</pubmed_id>
        </reference>
      </references>
    </disease>
    <disease>
      <name>Hyperphosphatasia</name>
      <omim_id>239000</omim_id>
      <references>
        <reference>
          <reference_text>Saki F, Karamizadeh Z, Nasirabadi S, Mumm S, McAlister WH, Whyte MP: Juvenile paget's disease in an Iranian kindred with vitamin D deficiency and novel homozygous TNFRSF11B mutation. J Bone Miner Res. 2013 Jun;28(6):1501-8. doi: 10.1002/jbmr.1868.</reference_text>
          <pubmed_id>23322328</pubmed_id>
        </reference>
      </references>
    </disease>
    <disease>
      <name>Hypoparathyroidism-retardation-dysmorphism syndrome</name>
      <omim_id>241410</omim_id>
      <references>
        <reference>
          <reference_text>Sanjad SA, Sakati NA, Abu-Osba YK, Kaddoura R, Milner RD: A new syndrome of congenital hypoparathyroidism, severe growth failure, and dysmorphic features. Arch Dis Child. 1991 Feb;66(2):193-6.</reference_text>
          <pubmed_id>2001103</pubmed_id>
        </reference>
      </references>
    </disease>
    <disease>
      <name>Hypophosphatasia</name>
      <omim_id>241500</omim_id>
      <references>
        <reference>
          <reference_text>Chodirker BN, Evans JA, Seargeant LE, Cheang MS, Greenberg CR: Hyperphosphatemia in infantile hypophosphatasia: implications for carrier diagnosis and screening. Am J Hum Genet. 1990 Feb;46(2):280-5.</reference_text>
          <pubmed_id>2301398</pubmed_id>
        </reference>
        <reference>
          <reference_text>Chodirker BN, Coburn SP, Seargeant LE, Whyte MP, Greenberg CR: Increased plasma pyridoxal-5'-phosphate levels before and after pyridoxine loading in carriers of perinatal/infantile hypophosphatasia. J Inherit Metab Dis. 1990;13(6):891-6.</reference_text>
          <pubmed_id>2079838</pubmed_id>
        </reference>
      </references>
    </disease>
    <disease>
      <name>Oculocerebrorenal syndrome</name>
      <omim_id>309000</omim_id>
      <references>
        <reference>
          <reference_text>Charnas LR, Bernardini I, Rader D, Hoeg JM, Gahl WA: Clinical and laboratory findings in the oculocerebrorenal syndrome of Lowe, with special reference to growth and renal function. N Engl J Med. 1991 May 9;324(19):1318-25. doi: 10.1056/NEJM199105093241904.</reference_text>
          <pubmed_id>2017228</pubmed_id>
        </reference>
      </references>
    </disease>
    <disease>
      <name>Colorectal cancer</name>
      <omim_id>114500</omim_id>
      <references>
        <reference>
          <reference_text>Ishiwata S, Itoh K, Yamaguchi T, Ishida N, Mizugaki M: Comparison of serum and urinary levels of modified nucleoside, 1-methyladenosine, in cancer patients using a monoclonal antibody-based inhibition ELISA. Tohoku J Exp Med. 1995 May;176(1):61-8.</reference_text>
          <pubmed_id>7482520</pubmed_id>
        </reference>
        <reference>
          <reference_text>Monleon D, Morales JM, Barrasa A, Lopez JA, Vazquez C, Celda B: Metabolite profiling of fecal water extracts from human colorectal cancer. NMR Biomed. 2009 Apr;22(3):342-8. doi: 10.1002/nbm.1345.</reference_text>
          <pubmed_id>19006102</pubmed_id>
        </reference>
        <reference>
          <reference_text>Weir TL, Manter DK, Sheflin AM, Barnett BA, Heuberger AL, Ryan EP: Stool microbiome and metabolome differences between colorectal cancer patients and healthy adults. PLoS One. 2013 Aug 6;8(8):e70803. doi: 10.1371/journal.pone.0070803. Print 2013.</reference_text>
          <pubmed_id>23940645</pubmed_id>
        </reference>
        <reference>
          <reference_text>Phua LC, Chue XP, Koh PK, Cheah PY, Ho HK, Chan EC: Non-invasive fecal metabonomic detection of colorectal cancer. Cancer Biol Ther. 2014 Apr;15(4):389-97. doi: 10.4161/cbt.27625. Epub 2014 Jan 14.</reference_text>
          <pubmed_id>24424155</pubmed_id>
        </reference>
        <reference>
          <reference_text>Ritchie SA, Ahiahonu PW, Jayasinghe D, Heath D, Liu J, Lu Y, Jin W, Kavianpour A, Yamazaki Y, Khan AM, Hossain M, Su-Myat KK, Wood PL, Krenitsky K, Takemasa I, Miyake M, Sekimoto M, Monden M, Matsubara H, Nomura F, Goodenowe DB: Reduced levels of hydroxylated, polyunsaturated ultra long-chain fatty acids in the serum of colorectal cancer patients: implications for early screening and detection. BMC Med. 2010 Feb 15;8:13. doi: 10.1186/1741-7015-8-13.</reference_text>
          <pubmed_id>20156336</pubmed_id>
        </reference>
        <reference>
          <reference_text>Qiu Y, Cai G, Su M, Chen T, Zheng X, Xu Y, Ni Y, Zhao A, Xu LX, Cai S, Jia W: Serum metabolite profiling of human colorectal cancer using GC-TOFMS and UPLC-QTOFMS. J Proteome Res. 2009 Oct;8(10):4844-50. doi: 10.1021/pr9004162.</reference_text>
          <pubmed_id>19678709</pubmed_id>
        </reference>
        <reference>
          <reference_text>Cheng Y, Xie G, Chen T, Qiu Y, Zou X, Zheng M, Tan B, Feng B, Dong T, He P, Zhao L, Zhao A, Xu LX, Zhang Y, Jia W: Distinct urinary metabolic profile of human colorectal cancer. J Proteome Res. 2012 Feb 3;11(2):1354-63. doi: 10.1021/pr201001a. Epub 2011 Dec 28.</reference_text>
          <pubmed_id>22148915</pubmed_id>
        </reference>
        <reference>
          <reference_text>Ni Y, Xie G, Jia W: Metabonomics of human colorectal cancer: new approaches for early diagnosis and biomarker discovery. J Proteome Res. 2014 Sep 5;13(9):3857-70. doi: 10.1021/pr500443c. Epub 2014 Aug 14.</reference_text>
          <pubmed_id>25105552</pubmed_id>
        </reference>
        <reference>
          <reference_text>Ikeda A, Nishiumi S, Shinohara M, Yoshie T, Hatano N, Okuno T, Bamba T, Fukusaki E, Takenawa T, Azuma T, Yoshida M: Serum metabolomics as a novel diagnostic approach for gastrointestinal cancer. Biomed Chromatogr. 2012 May;26(5):548-58. doi: 10.1002/bmc.1671. Epub 2011 Jul 20.</reference_text>
          <pubmed_id>21773981</pubmed_id>
        </reference>
        <reference>
          <reference_text>Goedert JJ, Sampson JN, Moore SC, Xiao Q, Xiong X, Hayes RB, Ahn J, Shi J, Sinha R: Fecal metabolomics: assay performance and association with colorectal cancer. Carcinogenesis. 2014 Sep;35(9):2089-96. doi: 10.1093/carcin/bgu131. Epub 2014 Jul 18.</reference_text>
          <pubmed_id>25037050</pubmed_id>
        </reference>
        <reference>
          <reference_text>Sinha R, Ahn J, Sampson JN, Shi J, Yu G, Xiong X, Hayes RB, Goedert JJ: Fecal Microbiota, Fecal Metabolome, and Colorectal Cancer Interrelations. PLoS One. 2016 Mar 25;11(3):e0152126. doi: 10.1371/journal.pone.0152126. eCollection 2016.</reference_text>
          <pubmed_id>27015276</pubmed_id>
        </reference>
        <reference>
          <reference_text>Lin Y, Ma C, Liu C, Wang Z, Yang J, Liu X, Shen Z, Wu R: NMR-based fecal metabolomics fingerprinting as predictors of earlier diagnosis in patients with colorectal cancer. Oncotarget. 2016 May 17;7(20):29454-64. doi: 10.18632/oncotarget.8762.</reference_text>
          <pubmed_id>27107423</pubmed_id>
        </reference>
        <reference>
          <reference_text>Brown DG, Rao S, Weir TL, O'Malia J, Bazan M, Brown RJ, Ryan EP: Metabolomics and metabolic pathway networks from human colorectal cancers, adjacent mucosa, and stool. Cancer Metab. 2016 Jun 6;4:11. doi: 10.1186/s40170-016-0151-y. eCollection 2016.</reference_text>
          <pubmed_id>27275383</pubmed_id>
        </reference>
        <reference>
          <reference_text>Wang X, Wang J, Rao B, Deng L: Gut flora profiling and fecal metabolite composition of colorectal cancer patients and healthy individuals. Exp Ther Med. 2017 Jun;13(6):2848-2854. doi: 10.3892/etm.2017.4367. Epub 2017 Apr 20.</reference_text>
          <pubmed_id>28587349</pubmed_id>
        </reference>
        <reference>
          <reference_text>Silke Matysik, Caroline Ivanne Le Roy, Gerhard Liebisch, Sandrine Paule Claus. Metabolomics of fecal samples: A practical consideration. Trends in Food Science &amp; Technology. Vol. 57, Part B, Nov. 2016, p.244-255: http://www.sciencedirect.com/science/article/pii/S0924224416301984</reference_text>
        </reference>
      </references>
    </disease>
    <disease>
      <name>Supragingival Plaque</name>
      <omim_id/>
      <references>
        <reference>
          <reference_text>Liebsch C, Pitchika V, Pink C, Samietz S, Kastenmuller G, Artati A, Suhre K, Adamski J, Nauck M, Volzke H, Friedrich N, Kocher T, Holtfreter B, Pietzner M: The Saliva Metabolome in Association to Oral Health Status. J Dent Res. 2019 Jun;98(6):642-651. doi: 10.1177/0022034519842853. Epub 2019 Apr  26.</reference_text>
          <pubmed_id>31026179</pubmed_id>
        </reference>
      </references>
    </disease>
  </diseases>
</metabolites>