<metabolites>
<creation_date>2005-11-16 15:48:42 UTC</creation_date>
<update_date>2020-05-08 22:58:42 UTC</update_date>
<version>4.0</version>
<name>Folic acid</name>
<accession>HMDB0000121</accession>
<completion_status>In progress</completion_status><ranges><range><abnormal_concentrations>
    <concentration>
      <biospecimen>Blood</biospecimen>
      <concentration_value>0.023 (0.019-0.028)</concentration_value>
      <concentration_units>uM</concentration_units>
      <patient_age>Adult (&gt;18 years old)</patient_age>
      <patient_sex>Both</patient_sex>
      <patient_information>Rheumatoid arthritis</patient_information>
      <comment>Patients with rheumatoid arthritis (plasma), n=33
</comment>
      <references>
        <reference>
          <reference_text>Chiang EP, Smith DE, Selhub J, Dallal G, Wang YC, Roubenoff R: Inflammation causes tissue-specific depletion of vitamin B6. Arthritis Res Ther. 2005;7(6):R1254-62. Epub 2005 Sep 13.</reference_text>
          <pubmed_id>16277678</pubmed_id>
        </reference>
      </references>
    </concentration>
    <concentration>
      <biospecimen>Blood</biospecimen>
      <concentration_value>0.00204</concentration_value>
      <concentration_units>uM</concentration_units>
      <patient_age>Infant (0-1 year old)</patient_age>
      <patient_sex>Female</patient_sex>
      <patient_information>Hereditary folate malabsorption</patient_information>
      <references>
        <reference>
          <reference_text>Corbeel L, Van den Berghe G, Jaeken J, Van Tornout J, Eeckels R: Congenital folate malabsorption. Eur J Pediatr. 1985 Mar;143(4):284-90.</reference_text>
          <pubmed_id>3987728</pubmed_id>
        </reference>
      </references>
    </concentration>
    <concentration>
      <biospecimen>Blood</biospecimen>
      <concentration_value>0.00131</concentration_value>
      <concentration_units>uM</concentration_units>
      <patient_age>Infant (0-1 year old)</patient_age>
      <patient_sex>Male</patient_sex>
      <patient_information>Hereditary folate malabsorption</patient_information>
      <references>
        <reference>
          <reference_text>Meyer E, Kurian MA, Pasha S, Trembath RC, Cole T, Maher ER: A novel PCFT gene mutation (p.Cys66LeufsX99) causing hereditary folate malabsorption. Mol Genet Metab. 2010 Mar;99(3):325-8. doi: 10.1016/j.ymgme.2009.11.004. Epub 2009 Nov 16.</reference_text>
          <pubmed_id>20005757</pubmed_id>
        </reference>
      </references>
    </concentration>
    <concentration>
      <biospecimen>Blood</biospecimen>
      <concentration_value>0.0097</concentration_value>
      <concentration_units>uM</concentration_units>
      <patient_age>Adult (&gt;18 years old)</patient_age>
      <patient_sex>Male</patient_sex>
      <patient_information>Dimethylglycinuria</patient_information>
      <references>
        <reference>
          <reference_text>Moolenaar SH, Poggi-Bach J, Engelke UF, Corstiaensen JM, Heerschap A, de Jong JG, Binzak BA, Vockley J, Wevers RA: Defect in dimethylglycine dehydrogenase, a new inborn error of metabolism: NMR spectroscopy study. Clin Chem. 1999 Apr;45(4):459-64.</reference_text>
          <pubmed_id>10102904</pubmed_id>
        </reference>
      </references>
    </concentration>
    <concentration>
      <biospecimen>Blood</biospecimen>
      <concentration_value>0.023 (0.020-0.026)</concentration_value>
      <concentration_units>uM</concentration_units>
      <patient_age>Adult (&gt;18 years old)</patient_age>
      <patient_sex>Both</patient_sex>
      <patient_information>Rheumatoid arthritis</patient_information>
      <comment>Patients with rheumatoid arthritis (red blood cells), n=33
</comment>
      <references>
        <reference>
          <reference_text>Chiang EP, Smith DE, Selhub J, Dallal G, Wang YC, Roubenoff R: Inflammation causes tissue-specific depletion of vitamin B6. Arthritis Res Ther. 2005;7(6):R1254-62. Epub 2005 Sep 13.</reference_text>
          <pubmed_id>16277678</pubmed_id>
        </reference>
      </references>
    </concentration>
    <concentration>
      <biospecimen>Blood</biospecimen>
      <concentration_value>0.003 (0.0 - 0.007)</concentration_value>
      <concentration_units>uM</concentration_units>
      <patient_age>Adult (&gt;18 years old)</patient_age>
      <patient_sex>Both</patient_sex>
      <patient_information>Folate deficiency</patient_information>
      <references>
        <reference>
          <reference_text>Wu AHB. Tietz clinical guide to laboratory tests. 4th ed. St. Louis: Saunders/Elsevier. 2006.</reference_text>
          <pubmed_id/>
        </reference>
      </references>
    </concentration>
    <concentration>
      <biospecimen>Cerebrospinal Fluid (CSF)</biospecimen>
      <concentration_value>0.0203 +/- 0.0017</concentration_value>
      <concentration_units>uM</concentration_units>
      <patient_age>Adult (&gt;18 years old)</patient_age>
      <patient_sex>Not Specified</patient_sex>
      <patient_information>Alzheimer's disease</patient_information>
      <references>
        <reference>
          <reference_text>Smach MA, Jacob N, Golmard JL, Charfeddine B, Lammouchi T, Ben Othman L, Dridi H, Bennamou S, Limem K: Folate and homocysteine in the cerebrospinal fluid of patients with Alzheimer's disease or dementia: a case control study. Eur Neurol. 2011;65(5):270-8. doi: 10.1159/000326301. Epub 2011 Apr 8.</reference_text>
          <pubmed_id>21474939</pubmed_id>
        </reference>
      </references>
    </concentration>
    <concentration>
      <biospecimen>Cerebrospinal Fluid (CSF)</biospecimen>
      <concentration_value>0.0209 +/- 0.00703</concentration_value>
      <concentration_units>uM</concentration_units>
      <patient_age>Adult (&gt;18 years old)</patient_age>
      <patient_sex>Not Specified</patient_sex>
      <patient_information>fibromyalgia</patient_information>
      <references>
        <reference>
          <reference_text>Ortancil O, Sanli A, Eryuksel R, Basaran A, Ankarali H: Association between serum ferritin level and fibromyalgia syndrome. Eur J Clin Nutr. 2010 Mar;64(3):308-12. doi: 10.1038/ejcn.2009.149. Epub 2010 Jan 20.</reference_text>
          <pubmed_id>20087382</pubmed_id>
        </reference>
      </references>
    </concentration>
    <concentration>
      <biospecimen>Cerebrospinal Fluid (CSF)</biospecimen>
      <concentration_value>0.00612</concentration_value>
      <concentration_units>uM</concentration_units>
      <patient_age>Children (1-13 years old)</patient_age>
      <patient_sex>Male</patient_sex>
      <patient_information>Hereditary folate malabsorption</patient_information>
      <references>
        <reference>
          <reference_text>Meyer E, Kurian MA, Pasha S, Trembath RC, Cole T, Maher ER: A novel PCFT gene mutation (p.Cys66LeufsX99) causing hereditary folate malabsorption. Mol Genet Metab. 2010 Mar;99(3):325-8. doi: 10.1016/j.ymgme.2009.11.004. Epub 2009 Nov 16.</reference_text>
          <pubmed_id>20005757</pubmed_id>
        </reference>
      </references>
    </concentration>
    <concentration>
      <biospecimen>Cerebrospinal Fluid (CSF)</biospecimen>
      <concentration_value>0.008 +/- 0.0011 </concentration_value>
      <concentration_units>uM</concentration_units>
      <patient_age>Elderly (&gt;65 years old)</patient_age>
      <patient_sex>Both</patient_sex>
      <patient_information>Alzheimer's disease</patient_information>
      <references>
        <reference>
          <reference_text>Selley ML, Close DR, Stern SE: The effect of increased concentrations of homocysteine on the concentration of (E)-4-hydroxy-2-nonenal in the plasma and cerebrospinal fluid of patients with Alzheimer's disease. Neurobiol Aging. 2002 May-Jun;23(3):383-8.</reference_text>
          <pubmed_id>11959400</pubmed_id>
        </reference>
      </references>
    </concentration>
    <concentration>
      <biospecimen>Cerebrospinal Fluid (CSF)</biospecimen>
      <concentration_value>0.0056 +/- 0.005</concentration_value>
      <concentration_units>uM</concentration_units>
      <patient_age>Adult (&gt;18 years old)</patient_age>
      <patient_sex>Both</patient_sex>
      <patient_information>Alzheimer's disease</patient_information>
      <references>
        <reference>
          <reference_text>Selley ML, Close DR, Stern SE: The effect of increased concentrations of homocysteine on the concentration of (E)-4-hydroxy-2-nonenal in the plasma and cerebrospinal fluid of patients with Alzheimer's disease. Neurobiol Aging. 2002 May-Jun;23(3):383-8.</reference_text>
          <pubmed_id>11959400</pubmed_id>
        </reference>
      </references>
    </concentration>
    <concentration>
      <biospecimen>Feces</biospecimen>
      <concentration_value/>
      <concentration_units/>
      <patient_age>Adult (&gt;18 years old)</patient_age>
      <patient_sex>Female</patient_sex>
      <patient_information>Interstitial cystitis</patient_information>
      <references>
        <reference>
          <reference_text>Braundmeier-Fleming A, Russell NT, Yang W, Nas MY, Yaggie RE, Berry M, Bachrach L, Flury SC, Marko DS, Bushell CB, Welge ME, White BA, Schaeffer AJ, Klumpp DJ: Stool-based biomarkers of interstitial cystitis/bladder pain syndrome. Sci Rep. 2016 May 18;6:26083. doi: 10.1038/srep26083.</reference_text>
          <pubmed_id>27188581</pubmed_id>
        </reference>
      </references>
    </concentration>
  </abnormal_concentrations><diseases>
    <disease>
      <name>Folate deficiency</name>
      <omim_id/>
      <references>
        <reference>
          <reference_text>Stabler SP, Lindenbaum J, Savage DG, Allen RH: Elevation of serum cystathionine levels in patients with cobalamin and folate deficiency. Blood. 1993 Jun 15;81(12):3404-13.</reference_text>
          <pubmed_id>8507876</pubmed_id>
        </reference>
        <reference>
          <reference_text>Wu AHB. Tietz clinical guide to laboratory tests. 4th ed. St. Louis: Saunders/Elsevier. 2006.</reference_text>
          <pubmed_id/>
        </reference>
      </references>
    </disease>
    <disease>
      <name>Rheumatoid arthritis</name>
      <omim_id>180300</omim_id>
      <references>
        <reference>
          <reference_text>Laitinen O, Seppala E, Nissila M, Vapaatalo H: Plasma levels and urinary excretion of prostaglandins in patients with rheumatoid arthritis. Clin Rheumatol. 1983 Dec;2(4):401-6.</reference_text>
          <pubmed_id>6589104</pubmed_id>
        </reference>
        <reference>
          <reference_text>Chiang EP, Smith DE, Selhub J, Dallal G, Wang YC, Roubenoff R: Inflammation causes tissue-specific depletion of vitamin B6. Arthritis Res Ther. 2005;7(6):R1254-62. Epub 2005 Sep 13.</reference_text>
          <pubmed_id>16277678</pubmed_id>
        </reference>
        <reference>
          <reference_text>Jensen T, Klarlund M, Hansen M, Jensen KE, Skjodt H, Hyldstrup L: Connective tissue metabolism in patients with unclassified polyarthritis and early rheumatoid arthritis. Relationship to disease activity, bone mineral density, and radiographic outcome. J Rheumatol. 2004 Sep;31(9):1698-708.</reference_text>
          <pubmed_id>15338487</pubmed_id>
        </reference>
        <reference>
          <reference_text>Chavis C, Fraissinet L, Chanez P, Thomas E, Bousquet J: A method for the measurement of plasma hydroxyeicosatetraenoic acid levels. Anal Biochem. 1999 Jun 15;271(1):105-8.</reference_text>
          <pubmed_id>10361015</pubmed_id>
        </reference>
        <reference>
          <reference_text>Straub RH, Weidler C, Demmel B, Herrmann M, Kees F, Schmidt M, Scholmerich J, Schedel J: Renal clearance and daily excretion of cortisol and adrenal androgens in patients with rheumatoid arthritis and systemic lupus erythematosus. Ann Rheum Dis. 2004 Aug;63(8):961-8.</reference_text>
          <pubmed_id>15249323</pubmed_id>
        </reference>
        <reference>
          <reference_text>Tie-juan ShaoZhi-xing HeZhi-jun XieHai-chang LiMei-jiao WangCheng-ping Wen. Characterization of ankylosing spondylitis and rheumatoid arthritis using 1H NMR-based metabolomics of human fecal extracts. Metabolomics. April 2016, 12:70: https://link.springer.com/article/10.1007/s11306-016-1000-2</reference_text>
        </reference>
      </references>
    </disease>
    <disease>
      <name>Hereditary folate malabsorption</name>
      <omim_id>229050</omim_id>
      <references>
        <reference>
          <reference_text>Corbeel L, Van den Berghe G, Jaeken J, Van Tornout J, Eeckels R: Congenital folate malabsorption. Eur J Pediatr. 1985 Mar;143(4):284-90.</reference_text>
          <pubmed_id>3987728</pubmed_id>
        </reference>
        <reference>
          <reference_text>Meyer E, Kurian MA, Pasha S, Trembath RC, Cole T, Maher ER: A novel PCFT gene mutation (p.Cys66LeufsX99) causing hereditary folate malabsorption. Mol Genet Metab. 2010 Mar;99(3):325-8. doi: 10.1016/j.ymgme.2009.11.004. Epub 2009 Nov 16.</reference_text>
          <pubmed_id>20005757</pubmed_id>
        </reference>
      </references>
    </disease>
    <disease>
      <name>Dimethylglycine Dehydrogenase Deficiency</name>
      <omim_id>605850</omim_id>
      <references>
        <reference>
          <reference_text>Moolenaar SH, Poggi-Bach J, Engelke UF, Corstiaensen JM, Heerschap A, de Jong JG, Binzak BA, Vockley J, Wevers RA: Defect in dimethylglycine dehydrogenase, a new inborn error of metabolism: NMR spectroscopy study. Clin Chem. 1999 Apr;45(4):459-64.</reference_text>
          <pubmed_id>10102904</pubmed_id>
        </reference>
      </references>
    </disease>
    <disease>
      <name>Alzheimer's disease</name>
      <omim_id>104300</omim_id>
      <references>
        <reference>
          <reference_text>Fonteh AN, Harrington RJ, Tsai A, Liao P, Harrington MG: Free amino acid and dipeptide changes in the body fluids from Alzheimer's disease subjects. Amino Acids. 2007 Feb;32(2):213-24. Epub 2006 Oct 10.</reference_text>
          <pubmed_id>17031479</pubmed_id>
        </reference>
        <reference>
          <reference_text>Selley ML, Close DR, Stern SE: The effect of increased concentrations of homocysteine on the concentration of (E)-4-hydroxy-2-nonenal in the plasma and cerebrospinal fluid of patients with Alzheimer's disease. Neurobiol Aging. 2002 May-Jun;23(3):383-8.</reference_text>
          <pubmed_id>11959400</pubmed_id>
        </reference>
        <reference>
          <reference_text>Shetty HU, Holloway HW, Schapiro MB: Cerebrospinal fluid and plasma distribution of myo-inositol and other polyols in Alzheimer disease. Clin Chem. 1996 Feb;42(2):298-302.</reference_text>
          <pubmed_id>8595727</pubmed_id>
        </reference>
        <reference>
          <reference_text>Jia JP, Jia JM, Zhou WD, Xu M, Chu CB, Yan X, Sun YX: Differential acetylcholine and choline concentrations in the cerebrospinal fluid of patients with Alzheimer's disease and vascular dementia. Chin Med J (Engl). 2004 Aug;117(8):1161-4.</reference_text>
          <pubmed_id>15361288</pubmed_id>
        </reference>
        <reference>
          <reference_text>Redjems-Bennani N, Jeandel C, Lefebvre E, Blain H, Vidailhet M, Gueant JL: Abnormal substrate levels that depend upon mitochondrial function in cerebrospinal fluid from Alzheimer patients. Gerontology. 1998;44(5):300-4.</reference_text>
          <pubmed_id>9693263</pubmed_id>
        </reference>
        <reference>
          <reference_text>Walter A, Korth U, Hilgert M, Hartmann J, Weichel O, Hilgert M, Fassbender K, Schmitt A, Klein J: Glycerophosphocholine is elevated in cerebrospinal fluid of Alzheimer patients. Neurobiol Aging. 2004 Nov-Dec;25(10):1299-303.</reference_text>
          <pubmed_id>15465626</pubmed_id>
        </reference>
        <reference>
          <reference_text>Leoni V, Masterman T, Mousavi FS, Wretlind B, Wahlund LO, Diczfalusy U, Hillert J, Bjorkhem I: Diagnostic use of cerebral and extracerebral oxysterols. Clin Chem Lab Med. 2004 Feb;42(2):186-91.</reference_text>
          <pubmed_id>15061359</pubmed_id>
        </reference>
        <reference>
          <reference_text>Raskind MA, Peskind ER, Holmes C, Goldstein DS: Patterns of cerebrospinal fluid catechols support increased central noradrenergic responsiveness in aging and Alzheimer's disease. Biol Psychiatry. 1999 Sep 15;46(6):756-65.</reference_text>
          <pubmed_id>10494443</pubmed_id>
        </reference>
        <reference>
          <reference_text>Lovell MA, Markesbery WR: Ratio of 8-hydroxyguanine in intact DNA to free 8-hydroxyguanine is increased in Alzheimer disease ventricular cerebrospinal fluid. Arch Neurol. 2001 Mar;58(3):392-6.</reference_text>
          <pubmed_id>11255442</pubmed_id>
        </reference>
        <reference>
          <reference_text>Bar KJ, Franke S, Wenda B, Muller S, Kientsch-Engel R, Stein G, Sauer H: Pentosidine and N(epsilon)-(carboxymethyl)-lysine in Alzheimer's disease and vascular dementia. Neurobiol Aging. 2003 Mar-Apr;24(2):333-8.</reference_text>
          <pubmed_id>12498967</pubmed_id>
        </reference>
        <reference>
          <reference_text>Serot JM, Barbe F, Arning E, Bottiglieri T, Franck P, Montagne P, Nicolas JP: Homocysteine and methylmalonic acid concentrations in cerebrospinal fluid: relation with age and Alzheimer's disease. J Neurol Neurosurg Psychiatry. 2005 Nov;76(11):1585-7.</reference_text>
          <pubmed_id>16227558</pubmed_id>
        </reference>
        <reference>
          <reference_text>Molina JA, Jimenez-Jimenez FJ, Aguilar MV, Meseguer I, Mateos-Vega CJ, Gonzalez-Munoz MJ, de Bustos F, Porta J, Orti-Pareja M, Zurdo M, Barrios E, Martinez-Para MC: Cerebrospinal fluid levels of transition metals in patients with Alzheimer's disease. J Neural Transm (Vienna). 1998;105(4-5):479-88.</reference_text>
          <pubmed_id>9720975</pubmed_id>
        </reference>
        <reference>
          <reference_text>Molina JA, Jimenez-Jimenez FJ, Hernanz A, Fernandez-Vivancos E, Medina S, de Bustos F, Gomez-Escalonilla C, Sayed Y: Cerebrospinal fluid levels of thiamine in patients with Alzheimer's disease. J Neural Transm (Vienna). 2002 Jul;109(7-8):1035-44.</reference_text>
          <pubmed_id>12111441</pubmed_id>
        </reference>
        <reference>
          <reference_text>Bocca B, Forte G, Petrucci F, Pino A, Marchione F, Bomboi G, Senofonte O, Giubilei F, Alimonti A: Monitoring of chemical elements and oxidative damage in patients affected by Alzheimer's disease. Ann Ist Super Sanita. 2005;41(2):197-203.</reference_text>
          <pubmed_id>16244393</pubmed_id>
        </reference>
        <reference>
          <reference_text>Kristensen MO, Gulmann NC, Christensen JE, Ostergaard K, Rasmussen K: Serum cobalamin and methylmalonic acid in Alzheimer dementia. Acta Neurol Scand. 1993 Jun;87(6):475-81.</reference_text>
          <pubmed_id>8356878</pubmed_id>
        </reference>
        <reference>
          <reference_text>Abe T, Tohgi H, Isobe C, Murata T, Sato C: Remarkable increase in the concentration of 8-hydroxyguanosine in cerebrospinal fluid from patients with Alzheimer's disease. J Neurosci Res. 2002 Nov 1;70(3):447-50.</reference_text>
          <pubmed_id>12391605</pubmed_id>
        </reference>
        <reference>
          <reference_text>Reichman ME, Judd JT, Longcope C, Schatzkin A, Clevidence BA, Nair PP, Campbell WS, Taylor PR: Effects of alcohol consumption on plasma and urinary hormone concentrations in premenopausal women. J Natl Cancer Inst. 1993 May 5;85(9):722-7.</reference_text>
          <pubmed_id>8478958</pubmed_id>
        </reference>
        <reference>
          <reference_text>Hozumi I, Hasegawa T, Honda A, Ozawa K, Hayashi Y, Hashimoto K, Yamada M, Koumura A, Sakurai T, Kimura A, Tanaka Y, Satoh M, Inuzuka T: Patterns of levels of biological metals in CSF differ among neurodegenerative diseases. J Neurol Sci. 2011 Apr 15;303(1-2):95-9. doi: 10.1016/j.jns.2011.01.003. Epub 2011 Feb 2.</reference_text>
          <pubmed_id>21292280</pubmed_id>
        </reference>
        <reference>
          <reference_text>Motawaj M, Peoc'h K, Callebert J, Arrang JM: CSF levels of the histamine metabolite tele-methylhistamine are only slightly decreased in Alzheimer's disease. J Alzheimers Dis. 2010;22(3):861-71. doi: 10.3233/JAD-2010-100381.</reference_text>
          <pubmed_id>20858978</pubmed_id>
        </reference>
        <reference>
          <reference_text>Smach MA, Jacob N, Golmard JL, Charfeddine B, Lammouchi T, Ben Othman L, Dridi H, Bennamou S, Limem K: Folate and homocysteine in the cerebrospinal fluid of patients with Alzheimer's disease or dementia: a case control study. Eur Neurol. 2011;65(5):270-8. doi: 10.1159/000326301. Epub 2011 Apr 8.</reference_text>
          <pubmed_id>21474939</pubmed_id>
        </reference>
        <reference>
          <reference_text>Linnebank M, Popp J, Smulders Y, Smith D, Semmler A, Farkas M, Kulic L, Cvetanovska G, Blom H, Stoffel-Wagner B, Kolsch H, Weller M, Jessen F: S-adenosylmethionine is decreased in the cerebrospinal fluid of patients with Alzheimer's disease. Neurodegener Dis. 2010;7(6):373-8. doi: 10.1159/000309657. Epub 2010 Jun 3.</reference_text>
          <pubmed_id>20523031</pubmed_id>
        </reference>
        <reference>
          <reference_text>Rosler N, Wichart I, Jellinger KA: Clinical significance of neurobiochemical profiles in the lumbar cerebrospinal fluid of Alzheimer's disease patients. J Neural Transm (Vienna). 2001;108(2):231-46.</reference_text>
          <pubmed_id>11314776</pubmed_id>
        </reference>
        <reference>
          <reference_text>Sunderland T, Berrettini WH, Molchan SE, Lawlor BA, Martinez RA, Vitiello B, Tariot PN, Cohen RM: Reduced cerebrospinal fluid dynorphin A1-8 in Alzheimer's disease. Biol Psychiatry. 1991 Jul 1;30(1):81-7.</reference_text>
          <pubmed_id>1716470</pubmed_id>
        </reference>
        <reference>
          <reference_text>Tsuruoka M, Hara J, Hirayama A, Sugimoto M, Soga T, Shankle WR, Tomita M: Capillary electrophoresis-mass spectrometry-based metabolome analysis of serum and saliva from neurodegenerative dementia patients. Electrophoresis. 2013 Oct;34(19):2865-72. doi: 10.1002/elps.201300019. Epub 2013  Sep 6.</reference_text>
          <pubmed_id>23857558</pubmed_id>
        </reference>
      </references>
    </disease>
    <disease>
      <name>Fibromyalgia</name>
      <omim_id/>
      <references>
        <reference>
          <reference_text>Ortancil O, Sanli A, Eryuksel R, Basaran A, Ankarali H: Association between serum ferritin level and fibromyalgia syndrome. Eur J Clin Nutr. 2010 Mar;64(3):308-12. doi: 10.1038/ejcn.2009.149. Epub 2010 Jan 20.</reference_text>
          <pubmed_id>20087382</pubmed_id>
        </reference>
        <reference>
          <reference_text>Vaeroy H, Helle R, Forre O, Kass E, Terenius L: Elevated CSF levels of substance P and high incidence of Raynaud phenomenon in patients with fibromyalgia: new features for diagnosis. Pain. 1988 Jan;32(1):21-6.</reference_text>
          <pubmed_id>2448729</pubmed_id>
        </reference>
        <reference>
          <reference_text>Vaeroy H, Sakurada T, Forre O, Kass E, Terenius L: Modulation of pain in fibromyalgia (fibrositis syndrome): cerebrospinal fluid (CSF) investigation of pain related neuropeptides with special reference to calcitonin gene related peptide (CGRP). J Rheumatol Suppl. 1989 Nov;19:94-7.</reference_text>
          <pubmed_id>2481742</pubmed_id>
        </reference>
        <reference>
          <reference_text>Vaeroy H, Nyberg F, Terenius L: No evidence for endorphin deficiency in fibromyalgia following investigation of cerebrospinal fluid (CSF) dynorphin A and Met-enkephalin-Arg6-Phe7. Pain. 1991 Aug;46(2):139-43.</reference_text>
          <pubmed_id>1684241</pubmed_id>
        </reference>
      </references>
    </disease>
    <disease>
      <name>Bladder infections</name>
      <omim_id/>
      <references>
        <reference>
          <reference_text>Tricker AR, Pfundstein B, Kalble T, Preussmann R: Secondary amine precursors to nitrosamines in human saliva, gastric juice, blood, urine and faeces. Carcinogenesis. 1992 Apr;13(4):563-8.</reference_text>
          <pubmed_id>1576707</pubmed_id>
        </reference>
        <reference>
          <reference_text>Braundmeier-Fleming A, Russell NT, Yang W, Nas MY, Yaggie RE, Berry M, Bachrach L, Flury SC, Marko DS, Bushell CB, Welge ME, White BA, Schaeffer AJ, Klumpp DJ: Stool-based biomarkers of interstitial cystitis/bladder pain syndrome. Sci Rep. 2016 May 18;6:26083. doi: 10.1038/srep26083.</reference_text>
          <pubmed_id>27188581</pubmed_id>
        </reference>
      </references>
    </disease>
  </diseases></range></ranges><reference>
          <reference_text>Chiang EP, Smith DE, Selhub J, Dallal G, Wang YC, Roubenoff R: Inflammation causes tissue-specific depletion of vitamin B6. Arthritis Res Ther. 2005;7(6):R1254-62. Epub 2005 Sep 13.</reference_text>
          <pubmed_id>16277678</pubmed_id>
        </reference>

</metabolites>